400001
400002
400003
400005
400006
400007
400009
400010
400011
400012
400013
400014
400015
400017
400018
400019
400020
400021
400022
400023
400024
400025
400026
400027
400028
400029
400030
400031
400032
400033
400034
400035
400036
400037
400038
400039
400040
400041
400042
400043
400044
400045
400046
400047
400048
400049
400050
400051
400052
400053
400054
400055
400056
400057
400060
400061
400062
400063
400064
400065
400066
400067
400068
400069
400070
400071
400072
400073
400074
400075
400076
400077
400078
400080
400081
400082
400083
400086
400088
400089
400090
400091
400092
400093
400094
400095
400096
400097
400098
400099
400100
400101
400102
400103
400104
400105
400106
400107
400108
400109
400110
400111
400112
400113
400114
400115
400116
400117
400118
400119
400120
400121
400122
400123
400124
400125
400126
400127
400128
400129
400130
400131
400132
400133
400134
400135
400136
400137
400138
400139
400141
400142
400143
400144
400145
400146
400147
400150
400151
400152
400153
400155
400156
400158
400159
400160
400161
400162
400163
400164
400251
400252
400253
400254
400255
400257
400258
400259
400260
400261
400262
400265
400401
400402
400403
400404
400405
400406
400407
400409
400410
400411
400461
400462
400466
400467
400468
400469
400470
400471
400472
400473
400474
400475
400476
400477
400478
400479
400480
400481
400482
400483
400484
400485
400486
400487
400489
400490
400491
400493
400494
400495
400496
400497
400498
400499
400500
400501
400503
400504
400505
400506
400507
400508
400509
400510
400511
400701
400702
400703
400704
400705
400706
400707
400708
400709
400710
400711
400712
400713
400714
400715
400716
400717
400718
400719
400720
400722
400723
400724
400725
400726
400727
400728
400729
400731
400732
400733
400734
400735
400736
400737
400738
400739
400740
400741
400742
400744
400745
400746
400747
400748
400749
400750
400751
400752
400753
400754
400755
400756
400757
400758
400760
400761
400762
400763
400764
400765
400766
400767
400768
400769
400770
400771
400773
400774
400775
400776
400777
400778
400779
400780
400781
400782
400783
400784
400785
400786
400787
400788
400789
400790
400791
400792
400793
400794
400796
400797
400798
400799
400800
400801
400802
400803
400804
400805
400807
400808
400809
400810
400811
400812
400813
400814
400815
400816
400818
400819
400821
400822
400823
400824
400825
400826
400827
400828
400829
400830
400831
401001
401002
401003
401004
401005
401006
401007
401009
401010
401011
401012
401013
401014
401015
401016
401017
401019
401020
401021
401022
401023
401024
401025
401027
401029
401030
401031
401033
401034
401035
401036
401037
401038
401039
401043
401046
401047
401049
401051
401052
401053
401054
401055
401056
401057
401058
401059
401060
401061
401062
401063
401064
401065
401066
401067
401069
401070
401072
401073
401074
401078
401079
401080
401081
401082
401083
401084
401085
401086
401087
401088
401089
401090
401091
401092
401094
401095
401096
401097
401098
401099
401100
401101
401104
401105
401106
401109
401110
401111
401112
401113
401114
401115
401116
401118
401120
401121
401122
401123
401124
401125
401126
401128
401129
401130
401131
401133
401134
401135
401136
401137
401138
401142
401143
401145
401146
401147
401148
401149
401150
401151
401152
401153
401154
401156
401157
401158
401160
401161
401162
401164
401165
401166
401167
401170
401171
401172
401173
401174
401175
401176
401178
401179
401180
401181
401183
401184
401185
401186
401187
401188
401191
401192
401193
401194
401195
401196
401198
401199
401200
401201
401204
401301
401302
401303
401305
401306
401307
401308
401309
401310
401311
401312
401313
401314
401315
401316
401317
401318
401319
401320
401321
401322
401323
401324
401325
401326
401327
401328
401329
401330
401331
401332
401333
401334
401335
401336
401337
401338
401339
401340
401341
401342
401343
401344
401345
401346
401347
401348
401349
401551
401552
401553
401554
401555
401556
401557
401558
401559
401560
401561
401562
401563
401564
401566
401567
401568
401569
401570
401571
401572
401573
401574
401575
401576
401577
401578
401579
401580
401581
401583
401584
401586
401587
401588
401589
401590
401591
401592
401593
401594
401595
401596
401597
401599
401600
401601
401602
401603
401604
401605
401606
401609
401610
401611
401613
401614
401615
401616
401618
401619
401621
401622
401623
401624
401625
401626
401627
401628
401629
401631
401633
401634
401635
401636
401637
401638
401639
401640
401641
401642
401643
401644
401647
401651
401652
401653
401654
401655
401657
401658
401659
401660
401662
401721
401722
401723
401724
401725
401726
401727
401728
401729
401730
401731
401771
401772
401773
401811
401851
401901
401902
401903
401904
401905
401906
401907
401908
401909
401910
401911
401912
401913
401914
401915
401916
401917
401918
401919
401920
401921
401922
401923
402011
402012
402013
402051
402052
402053
402054
402055
402056
402057
402058
402060
402061
402062
402063
402064
402065
402066
402067
402068
402069
402070
402071
402072
402073
402074
402075
402076
402077
402078
402079
402080
402081
402082
402083
402084
402085
402086
402087
402089
402090
402091
402092
402093
402094
402095
402096
402097
402098
402099
402100
402101
402102
402103
402104
402105
402106
402107
402108
402109
402110
402111
402112
402113
402114
402115
402116
402117
402118
402119
402120
402121
402122
402123
402124
402125
402126
402127
402129
402130
402131
402132
402133
402134
402135
402136
402137
402138
402139
402140
402141
402142
402143
402144
402145
402147
402148
402149
402150
402151
402152
402153
402154
402155
402156
402157
402158
402159
402160
402161
402162
402163
402165
402166
402167
402168
402169
402170
402171
402172
402173
402174
402175
402176
402177
402178
402180
402181
402182
402183
402184
402186
402187
402188
402189
402190
402192
402193
402194
402195
402196
402197
402198
402199
402200
402201
402202
402203
402321
402322
402323
402325
402326
402327
402328
402329
402330
402331
402332
402391
402392
402901
402903
402904
402906
402907
402908
402909
402910
402912
402913
402914
402915
402917
402918
402922
402923
402924
402925
402927
402929
402930
402931
402932
402933
402934
402935
402936
403051
403101
403102
403103
403104
403106
403107
403108
403161
403162
403163
403164
403165
403166
403167
403168
403169
403170
403171
403173
403174
403175
403176
403177
403178
403179
403180
403181
403182
403183
403185
403186
403188
403189
403190
403191
403431
403432
403433
403434
403435
403481
403482
403483
403485
403486
403487
403488
403489
403490
403492
403493
403494
403495
403496
403497
403498
403499
403500
403501
403502
403503
403504
403506
403561
403562
403563
403564
403565
403566
403567
403568
403569
403570
403571
403572
403573
403574
403575
403576
403578
403579
403580
403581
403582
403583
403584
403585
403586
403587
403588
403589
403590
403591
403592
403593
403594
403595
403596
403597
403598
403599
403600
403601
403602
403603
403604
403605
403606
403607
403608
403609
403610
403611
403612
403613
403614
403616
403617
403618
403620
403621
403741
403742
403743
403745
403748
403749
403750
403753
403754
403755
403760
403762
403763
403767
403768
403769
403773
403774
403776
403777
403779
403781
403783
403785
403786
403788
403789
403790
403791
403792
403793
403794
403795
403799
403800
403801
403802
403807
403808
403809
403813
403814
403815
403817
403818
403820
403821
403822
403824
403826
403827
403828
403829
403830
403832
403833
403837
403838
403839
403842
403843
403844
403845
403846
403847
403848
403849
403850
403851
403852
403853
403855
403856
403860
403861
403862
403863
403864
403866
403868
403869
403870
403871
403872
403873
403874
403875
403876
403878
403879
403880
403882
403883
403884
403885
403888
403889
403891
403894
403897
403899
403900
403901
403902
403903
403904
403907
403908
403909
403912
403913
403914
403915
403916
403919
403921
403924
403925
403928
403931
403933
403934
403935
403936
403937
403938
403939
403940
403942
403944
403945
403946
403947
403948
403949
403950
403953
403955
403956
403957
403958
403959
403960
403961
403962
403964
403965
403967
403968
403970
403973
403974
403977
403980
403985
404111
404112
404113
404114
404115
404116
404117
404118
404119
404120
404121
404122
404123
404124
404125
404126
404127
404128
404131
404132
404133
404134
404135
404136
404137
404140
404142
404201
404202
404203
404204
404205
404206
404207
404208
404209
404210
404211
404212
404213
404214
404215
404261
404262
404263
404264
404265
404266
404267
404268
404269
404270
404601
404602
404603
404604
404605
404606
404607
404608
404609
404611
404612
404613
404614
404615
404616
404617
404618
404619
404620
404621
404622
404623
404624
404625
404626
404627
404628
404629
404630
404631
404632
404633
404634
404635
404636
404637
404638
404639
404640
404641
404642
404643
404644
404645
404646
404647
404648
404649
404650
404651
404652
404653
404656
404657
404658
404659
404660
404661
404662
404663
404664
404665
404666
404667
404668
404669
404670
404671
404672
404673
404674
404675
404676
404677
404678
404679
404680
404681
404682
404684
404685
404686
404687
404688
404690
404691
404692
404693
404694
404695
404696
404697
404698
404699
404700
404701
404702
404703
404704
404705
404706
404707
404708
404709
404710
404711
404712
404713
404714
404715
404716
404717
404719
404720
404721
404723
404724
404725
404727
404728
404729
404730
404731
404732
404733
404734
404735
404736
404737
404738
404739
404853
404854
404857
404858
404859
404861
404862
404863
404865
404866
404869
404871
404873
404874
404875
404877
404878
404951
404952
404953
404954
404955
404956
404957
404958
404959
404960
404962
404963
404964
404965
404966
404967
404968
404969
404970
404971
404972
404973
404974
404975
405021
405022
405023
405024
405026
405027
405028
405029
405030
405031
405032
405034
405035
405036
405037
405038
405039
405040
405041
405042
405043
405044
405045
405046
405048
405049
405051
405052
405054
405055
405056
405057
405058
405059
405060
405061
405062
405063
405064
405065
405066
405067
405401
405402
405403
405404
405405
405406
405407
405408
405409
405410
405411
405412
405414
405415
405416
405417
405418
405419
405420
405421
405422
405423
405424
405425
405426
405427
405428
405429
405430
405431
405432
405433
405434
405435
405437
405438
405439
405440
405441
405442
405443
405444
405445
405446
405447
405448
405449
405450
405451
405452
405453
405454
405455
405456
405457
405458
405459
405460
405461
405462
405463
405464
405465
405466
405467
405468
405469
405470
405471
405472
405473
405474
405475
405476
405651
405652
405654
405655
405656
405657
405658
405659
405661
405662
405664
405665
405666
405667
405668
405669
405670
405671
405672
405673
405676
405677
405678
405679
405682
405683
405685
405689
405690
405691
405693
405694
405695
405696
405697
405698
405701
405702
405704
405706
405707
405709
405711
405712
405715
405716
405718
405719
405720
405723
405724
405728
405729
405901
405902
405903
405904
405905
405906
405907
405908
405909
405910
405911
405912
405913
405914
405915
405916
405917
405918
405919
405920
405921
405922
405923
405924
405925
405926
405927
405928
405929
405930
405931
405932
405933
405934
405935
405936
405937
405938
405939
405940
405941
405942
405943
405944
405945
405946
405947
405948
406151
406152
406153
406154
406155
406156
406157
406158
406159
406160
406161
406162
406221
406222
406223
406224
406225
406226
406227
406228
406229
406230
406231
406232
406233
406234
406321
406322
406402
406405
406406
406407
406408
406409
406410
406411
406412
406413
406414
406415
406416
406417
406418
406419
406420
406421
406501
406502
406503
406504
406505
406581
406582
406583
406584
406585
406586
406587
406671
407151
407152
407153
407154
407155
407156
407157
407158
407159
407160
407161
407162
407163
407164
407165
407166
407169
407170
407171
407172
407173
407174
407175
407176
407177
407178
407179
407180
407181
407182
407183
407184
407185
407186
407187
407189
407190
407191
407192
407194
407195
407196
407197
407198
407199
407200
407201
407202
407203
407204
407205
407206
407207
407208
407209
407210
407211
407212
407213
407214
407215
407216
407217
407218
407219
407220
407221
407222
407223
407224
407225
407226
407227
407228
407229
407230
407231
407233
407234
407235
407236
407237
407238
407239
407240
407241
407242
407243
407245
407246
407247
407248
407249
407250
407251
407252
407253
407254
407255
407257
407258
407259
407260
407261
407262
407263
407264
407265
407266
407267
407268
407269
407270
407271
407272
407273
407274
407275
407276
407277
407278
407279
407280
407281
407283
407284
407285
407286
407288
407289
407290
407291
407292
407293
407295
407296
407297
407298
407299
407300
407301
407302
407303
407304
407305
407306
407307
407308
407309
407310
407311
407312
407313
407314
407315
407316
407317
407318
407319
407320
407321
407322
407323
407324
407325
407326
407327
407328
407329
407330
407331
407332
407333
407334
407335
407336
407337
407338
407339
407340
407341
407342
407343
407344
407345
407346
407347
407348
407349
407451
407452
407453
407454
407455
407456
407457
407458
407459
407460
407461
407464
407465
407466
407467
407468
407469
407470
407471
407472
407473
407474
407475
407476
407477
407478
407479
407480
407481
407482
407483
407484
407485
407486
407487
407488
407489
407490
407491
407492
407493
407494
407495
407496
407497
407499
407500
407501
407502
407503
407504
407505
407506
407507
407508
407509
407510
407512
407513
407514
407515
407516
407517
407518
407519
407520
407521
407522
407523
407524
407621
407622
407623
407624
407625
407626
407627
407628
407629
407630
407631
407632
407633
407634
407635
407636
407637
407638
407639
407640
407641
407642
407643
407644
407645
407646
407647
407648
407649
407650
407651
407652
407653
407654
407655
407656
407657
407659
407660
407661
407662
407663
407664
407665
407666
407667
407668
407669
407670
407671
407672
407673
407674
407675
407676
407677
407678
407679
407680
407682
407683
407684
407685
407686
407687
407688
407689
407690
407691
407692
407693
407694
407695
407696
407697
407698
407699
407700
407701
407702
407703
407704
407705
407706
407707
407708
407709
407710
407711
407712
407713
407714
407715
407716
407717
407718
407801
407802
407803
407804
407805
407806
407807
407808
407809
407810
407811
407812
407814
407815
407816
407817
407818
407819
407871
407872
407873
407874
407875
407876
407877
407878
407879
407880
407881
407882
407883
407884
407885
407886
407889
407890
407891
407893
407894
407895
407921
407923
407924
407925
407926
407927
407928
407930
407931
407932
408201
408202
408203
408204
408205
408206
408207
408208
408209
408210
408211
408212
408214
408215
408216
408217
408218
408219
408220
408221
408222
408223
408224
408225
408226
408227
408228
408229
408230
408231
408232
408233
408234
408235
408236
408237
408238
408239
408240
408241
408242
408243
408244
408245
408246
408247
408248
408249
408250
408251
408252
408253
408254
408255
408257
408258
408259
408260
408261
408262
408263
408264
408265
408266
408267
408268
408269
408270
408271
408272
408273
408274
408275
408276
408277
408278
408279
408280
408281
408282
408283
408284
408285
408286
408287
408288
408289
408290
408291
408292
408293
408294
408295
408296
408297
408298
408299
408300
408301
408303
408304
408305
408306
408307
408308
408309
408310
408311
408312
408313
408314
408315
408316
408317
408318
408319
408320
408321
408322
408323
408324
408325
408326
408327
408328
408329
408330
408331
408332
408333
408334
408335
408336
408337
408338
408339
408340
408341
408342
408343
408344
408345
408346
408347
408348
408349
408350
408351
408352
408353
408354
408355
408356
408357
408358
408359
408360
408361
408362
408363
408364
408365
408366
408367
408368
408369
408370
408371
408501
408502
408504
408505
408506
408507
408508
408509
408510
408511
408512
408513
408514
408515
408516
408517
408518
408519
408520
408521
408522
408523
408525
408526
408527
408528
408529
408530
408531
408532
408533
408534
408535
408536
408537
408538
408539
408540
408541
408542
408543
408545
408546
408547
408548
408549
408550
408681
408682
408683
408684
408685
408686
408687
408688
408689
408690
408691
408692
408693
408694
408695
408696
408697
408698
408699
408700
408701
408702
408703
408704
408705
408706
408707
408708
408709
408710
408711
408713
408715
408716
408717
408811
408812
408814
408815
408817
408818
408819
408820
408822
408823
408824
408825
408826
408827
408828
408829
408830
408831
408832
408833
408834
408835
408836
408837
408838
408839
408841
408842
408843
408844
408845
408846
408847
408848
408849
408850
408851
408852
408951
408952
408955
408956
408957
408958
408960
408961
408963
408965
408966
408969
408970
408971
408972
408973
408974
408975
408977
408978
408979
408980
408981
408982
408984
408985
408987
408988
408989
408990
408991
408992
408994
408995
408996
408997
408998
409000
409001
409002
409003
409004
409005
409006
409007
409008
409009
409010
409011
409012
409014
409016
409017
409019
409020
409021
409022
409023
409024
409025
409026
409027
409028
409029
409030
409031
409033
409034
409035
409039
409040
409041
409042
409043
409045
409046
409047
409048
409051
409052
409053
409054
409055
409056
409057
409058
409059
409061
409062
409063
409064
409065
409066
409067
409069
409070
409071
409072
409074
409075
409079
409080
409081
409085
409086
409087
409088
409089
409095
409096
409098
409102
409301
409302
409303
409304
409305
409306
409307
409371
409372
409373
409374
409375
409376
409377
409378
409379
409380
409381
409431
409434
409435
409436
409437
409438
409439
409440
409441
409442
409443
409444
409445
409446
409447
409448
409449
409450
409451
409452
409453
409454
409455
409456
409457
409458
409459
409501
409502
409503
409504
409505
409506
409507
409508
409509
409510
409511
409512
409513
409514
409515
409681
409682
409811
409812
409813
409814
409815
409816
409817
409818
409819
409902
409903
409904
409905
409906
409907
409908
409910
409911
410011
410012
410013
410014
410401
410402
410403
410404
410405
410406
410407
410408
410409
410410
410411
410412
410413
410414
410415
410416
410417
410418
410419
410420
410421
410422
410423
410424
410425
410426
410427
410428
410429
410430
410431
410432
410433
410434
410436
410437
410438
410439
410440
410441
410442
410443
410444
410445
410446
410447
410448
410449
410450
410451
410452
410453
410454
410455
410456
410457
410458
410459
410460
410461
410462
410463
410464
410465
410466
410467
410468
410469
410471
410472
410473
410474
410475
410476
410477
410478
410479
410480
410481
410482
410484
410485
410486
410487
410488
410489
410490
410491
410492
410493
410494
410495
410496
410497
410498
410499
410500
410501
410502
410503
410504
410505
410506
410507
410508
410509
410510
410511
410512
410513
410515
410516
410517
410519
410521
410522
410523
410524
410525
410526
410527
410528
410529
410530
410531
410532
410533
410534
410535
410536
410537
410538
410539
410540
410541
410542
410544
410546
410547
410548
410550
410551
410553
410554
410555
410556
410557
410559
410560
410561
410562
410563
410566
410568
410570
410571
410572
410573
410574
410575
410576
410577
410578
410579
410580
410581
410583
410584
410585
410586
410587
410588
410589
410590
410591
410592
410593
410594
410595
410596
410597
410598
410599
410600
410601
410602
410603
410604
410606
410609
410610
410611
410612
410614
410616
410617
410618
410619
410620
410621
410622
410623
410624
410625
410626
410627
410628
410629
410631
410632
410633
410634
410635
410636
410637
410638
410639
410640
410641
410642
410643
410644
410645
410646
410647
410648
410649
410650
410651
410652
410653
410654
410655
410656
410657
410658
410659
410660
410662
410663
410664
410665
410666
410667
410669
410671
410771
410772
410773
410774
410775
410776
410777
410778
410779
410780
410781
410782
410783
410784
410785
410786
410787
410788
410790
410791
410792
410793
410794
410795
410796
410797
410798
410799
410800
410801
410802
410803
410804
410805
410806
410808
410809
410811
410812
410813
410814
410815
410816
410817
410818
410819
410820
410821
410822
410823
410824
410825
410827
410828
410829
410830
410831
410832
410833
410834
410835
410951
410952
410953
410954
410955
410956
410957
410958
410959
410961
410962
410963
410964
410965
410966
410967
410968
410969
410970
410971
410972
410973
410974
410975
410976
410977
410978
410979
410980
410981
410982
410983
410984
410985
410986
410987
410988
410989
410990
410991
410992
410993
410994
410995
410996
410997
410998
410999
411000
411001
411002
411003
411004
411006
411007
411008
411009
411010
411011
411012
411013
411014
411015
411016
411018
411019
411020
411021
411022
411111
411112
411114
411115
411116
411117
411118
411120
411121
411122
411123
411124
411125
411126
411127
411128
411129
411130
411131
411132
411133
411231
411232
411233
411234
411235
411236
411237
411238
411239
411240
411241
411242
411243
411244
411245
411246
411247
411248
411249
411250
411251
411252
411253
411254
411255
411256
411257
411258
411259
411260
411261
411262
411263
411264
411265
411266
411267
411268
411269
411331
411332
411333
411334
411335
411336
411337
411338
411339
411340
411341
411342
411343
411344
411411
411412
411413
411414
411415
411416
411417
411418
411419
411420
411421
411422
411423
411424
411425
411426
411427
411428
411429
411501
411502
411503
411504
411505
411506
411507
411508
411509
411510
411511
411512
411513
411514
411515
411516
411517
411518
411519
411520
411521
411522
411621
411622
411623
411624
411625
411626
411627
411628
411629
411630
411631
411711
411712
411713
411714
411715
411716
411717
411718
411719
411720
411721
411722
411723
411761
411762
411763
411764
411765
411801
411802
411803
411804
411852
411854
411855
411856
411857
411858
411859
411860
411861
411863
411864
411865
411866
411867
411868
411870
411871
411873
411874
411875
411876
411877
411878
411880
411881
411884
411885
411886
411887
411888
411889
411890
411891
411892
411893
411894
411897
411898
411899
411900
411901
411902
411903
411904
411905
411907
411908
411909
411910
411911
411912
411913
411914
411915
411916
411917
411918
411919
411923
411925
411926
411928
411929
411930
411931
411934
411936
411937
411938
411939
411940
411941
411942
411943
411944
411945
411946
411947
411948
411950
411955
411956
411957
411960
411961
411962
411963
411965
411966
411970
411971
411972
411976
411977
411978
411979
411980
411981
411982
411983
411984
411985
411986
411987
411988
411989
411990
411991
411992
411993
411994
411995
411996
411997
411998
411999
412001
412002
412003
412004
412005
412006
412007
412008
412009
412010
412011
412012
412013
412014
412015
412016
412017
412018
412019
412020
412021
412022
412024
412025
412026
412027
412028
412030
412031
412032
412033
412034
412035
412036
412037
412038
412039
412040
412041
412042
412044
412045
412046
412047
412048
412049
412050
412051
412052
412053
412054
412055
412056
412057
412058
412060
412061
412062
412064
412065
412066
412068
412069
412070
412071
412072
412074
412075
412076
412077
412079
412080
412081
412083
412084
412085
412086
412087
412088
412090
412091
412092
412501
412503
412504
412505
412506
412507
412508
412509
412510
412511
412512
412513
412514
412515
412516
412517
412518
412521
412523
412524
412525
412526
412527
412528
412529
412530
412531
412532
412533
412534
412535
412536
412537
412538
412539
412541
412542
412543
412544
412545
412549
412551
412552
412553
412554
412555
412556
412557
412558
412761
412762
412763
412764
412766
412769
412772
412774
412775
412776
412777
412778
412780
412782
412783
412784
412785
412787
412961
412962
412963
412964
412965
413001
413002
413003
413005
413006
413051
413053
413054
413055
413057
413058
413059
413060
413061
413062
413063
413064
413066
413069
413070
413071
413072
413073
413074
413075
413076
413077
413078
413080
413081
413082
413083
413084
413085
413086
413088
413089
413091
413092
413093
413094
413095
413096
413097
413098
413099
413101
413102
413103
413104
413105
413106
413107
413108
413109
413110
413111
413112
413113
413114
413115
413116
413117
413118
413119
413120
413121
413122
413124
413125
413126
413127
413129
413130
413131
413132
413134
413135
413138
413140
413141
413142
413145
413146
413148
413149
413150
413151
413152
413153
413154
413155
413156
413157
413158
413160
413161
413162
413163
413165
413169
413176
413177
413178
413179
413181
413183
413185
413187
413188
413189
413190
413191
413193
413194
413195
413196
413199
413202
413203
413205
413207
413209
413211
413212
413213
413214
413217
413218
413220
413221
413223
413228
413229
413230
413231
413233
413251
413252
413253
413254
413255
413257
413258
413259
413261
413501
413502
413503
413505
413506
413507
413508
413511
413513
413514
413515
413516
413517
413518
413520
413521
413522
413523
413524
413525
413526
413527
413528
413529
413530
413531
413532
413533
413534
413535
413536
413537
413538
413539
413540
413541
413542
413543
413544
413546
413547
413548
413549
413550
413551
413552
413553
413554
413555
413557
413558
413559
413560
413561
413562
413563
413564
413567
413568
413570
413571
413572
413573
413574
413575
413576
413577
413578
413579
413580
413582
413583
413584
413585
413586
413587
413588
413589
413590
413591
413592
413593
413594
413661
413662
413663
413664
413751
413752
413753
413754
413755
413756
413757
413758
413802
413807
413808
413809
413810
413811
413812
413815
413816
413817
413818
413881
413882
413883
413921
413961
413963
414201
414202
414203
414204
414205
414206
414207
414208
414209
414210
414211
414212
414213
414214
414215
414216
414217
414218
414219
414220
414221
414222
414223
414224
414225
414226
414227
414229
414230
414232
414233
414234
414235
414236
414237
414238
414239
414240
414241
414242
414243
414244
414246
414247
414248
414249
414250
414251
414252
414253
414254
414255
414256
414257
414259
414260
414261
414262
414264
414265
414266
414401
414402
414403
414404
414405
414406
414407
414408
414410
414411
414412
414413
414414
414415
414416
414417
414418
414419
414420
414421
414422
414423
414424
414425
414426
414427
414428
414429
414430
414431
414432
414433
414434
414435
414436
414437
414438
414439
414440
414441
414442
414443
414444
414445
414446
414447
414448
414450
414452
414453
414454
414457
414458
414459
414460
414461
414462
414463
414464
414465
414466
414467
414468
414469
414470
414471
414472
414474
414476
414477
414478
414479
414480
414482
414483
414484
414485
414486
414487
414488
414490
414491
414492
414493
414495
414496
414497
414498
414499
414500
414501
414502
414503
414505
414506
414507
414509
414510
414511
414512
414513
414514
414515
414516
414517
414518
414519
414520
414522
414523
414524
414525
414526
414528
414530
414701
414702
414703
414704
414705
414706
414708
414709
414710
414711
414712
414713
414714
414716
414717
414719
414720
414721
414722
414723
414724
414725
414726
414727
414728
414729
414730
414731
414732
414733
414734
414735
414736
414737
414738
414739
414740
414741
414742
414743
414744
414745
414941
414981
415051
415052
415053
415054
415055
415056
415057
415058
415059
415060
415061
415062
415063
415101
415102
415103
415104
415105
415106
415107
415171
415172
415173
415174
415212
415213
415214
415215
415281
415282
415311
415312
415313
415315
415351
415352
415353
415354
415381
415382
415383
415384
415385
415386
415387
415388
415389
415392
415393
415394
415396
415397
415398
415399
415400
415401
415402
415403
415404
415405
415407
415408
415409
415410
415411
415412
415413
415414
415415
415418
415419
415420
415421
415422
415423
415424
415425
415426
415427
415428
415429
415430
415431
415432
415433
415434
415435
415436
415437
415438
415440
415441
415442
415443
415444
415445
415446
415447
415448
415449
415451
415452
415453
415454
415455
415457
415458
415459
415460
415461
415462
415463
415464
415465
415466
415467
415468
415469
415470
415471
415472
415473
415474
415475
415476
415477
415478
415479
415480
415481
415482
415483
415484
415485
415486
415487
415488
415489
415490
415491
415492
415493
415494
415495
415496
415497
415498
415499
415500
415501
415502
415504
415505
415506
415507
415508
415509
415510
415511
415512
415513
415514
415517
415518
415519
415520
415601
415602
415603
415604
415606
415607
415608
415609
415641
415681
415682
415721
415722
415723
415724
415801
415802
415803
415804
415805
415806
415807
415808
415809
415810
415811
415812
415813
415814
415815
415818
415819
415820
415821
415822
415823
415824
415826
415827
415828
415830
415831
415832
415833
415834
415835
415836
415837
415838
415839
415841
415843
415844
415845
415846
415847
415848
415849
415850
415851
415852
415853
415854
415855
415856
415860
415861
415862
415863
415864
415869
415871
415971
415972
415973
416301
416302
416304
416305
416306
416307
416308
416311
416312
416314
416315
416316
416317
416318
416319
416320
416321
416322
416323
416324
416325
416326
416327
416328
416329
416330
416332
416333
416334
416335
416336
416337
416338
416339
416340
416341
416342
416343
416344
416345
416346
416347
416348
416349
416350
416351
416352
416353
416354
416356
416357
416358
416360
416361
416362
416363
416364
416367
416369
416370
416371
416372
416373
416375
416376
416377
416378
416379
416380
416381
416382
416383
416384
416385
416481
416482
416483
416484
416485
416486
416487
416488
416489
416490
416491
416492
416493
416494
416495
416496
416497
416498
416499
416500
416501
416502
416503
416504
416505
416506
416507
416508
416509
416510
416511
416512
416513
416514
416515
416516
416517
416518
416519
416520
416521
416522
416523
416524
416525
416526
416527
416528
416529
416530
416531
416532
416533
416534
416535
416536
416621
416622
416623
416624
416625
416701
416702
416703
416704
416741
416781
416782
416783
416821
416822
416823
416824
416825
416862
416864
417301
417303
417304
417305
417306
417307
417308
417309
417310
417311
417312
417313
417314
417315
417316
417317
417318
417319
417320
417321
417322
417323
417324
417325
417326
417327
417328
417329
417330
417331
417332
417333
417334
417335
417336
417337
417338
417339
417340
417341
417343
417344
417345
417346
417347
417348
417349
417350
417352
417353
417354
417355
417356
417357
417463
417464
417465
417467
417468
417469
417470
417471
417472
417473
417474
417475
417476
417478
417479
417480
417481
417482
417484
417486
417488
417489
417491
417492
417493
417494
417495
417496
417497
417499
417500
417501
417502
417503
417505
417506
417507
417508
417510
417511
417512
417513
417514
417515
417516
417517
417518
417519
417522
417523
417524
417525
417526
417527
417528
417532
417533
417534
417536
417538
417539
417540
417541
417542
417543
417547
417548
417549
417551
417552
417553
417555
417557
417560
417561
417562
417563
417564
417566
417567
417568
417570
417571
417572
417573
417574
417575
417576
417577
417578
417579
417580
417581
417582
417585
417586
417587
417588
417589
417681
417682
417683
417684
417685
417686
417687
417688
417689
417690
417691
417692
417693
417694
417695
417696
417697
417698
417699
417700
417702
417703
417704
417705
417706
417707
417708
417710
417711
417712
417713
417714
417715
417716
417717
417718
417720
417722
417725
417728
417730
417731
417732
417733
417735
417736
417737
417738
417739
417740
417741
417742
417743
417744
417745
417746
417747
417749
417751
417752
417753
417754
417755
417756
417757
417758
417759
417760
417761
417762
417765
417766
417767
417768
417769
417770
417771
417772
417902
417903
417904
417905
417906
417909
417910
417913
417918
417920
417922
417923
417924
417925
417927
417928
417929
417931
417932
417943
417946
417949
417950
417952
417953
417955
417961
417963
417964
417969
417973
417976
417977
417978
417979
417980
417981
417982
417983
417984
417985
417986
417987
417990
417991
417993
417994
417995
417996
417997
418004
418005
418006
418007
418010
418101
418102
418103
418104
418105
418110
418112
418113
418114
418115
418117
418118
418119
418120
418121
418122
418123
418124
418125
418126
418127
418128
418129
418130
418131
418132
418133
418134
418135
418221
418222
418224
418225
418228
418229
418231
418232
418233
418234
418235
418236
418237
418238
418239
418241
418243
418244
418245
418246
418247
418248
418249
418250
418251
418252
418253
418254
418255
418256
418257
418258
418260
418261
418262
418264
418265
418266
418267
418268
418269
418270
418271
418272
418273
418274
418276
418277
418278
418279
418280
418401
418402
418403
418404
418405
418406
418407
418408
418409
418410
418411
418412
418413
418414
418415
418416
418417
418418
418419
418420
418421
418422
418423
418424
418425
418511
418512
418513
418514
418515
418516
418517
418518
418519
418520
418521
418522
418523
418524
418525
418526
418527
418581
418582
418583
418584
418585
418586
418621
418681
418761
418831
418832
418833
418834
418835
418836
418838
418839
418840
418841
418842
418843
418844
418845
418846
418847
418848
418849
418850
418851
418852
418853
418854
418855
418856
418857
418858
418859
418861
418862
418863
418864
418865
418866
418867
418868
418869
418870
418871
418872
418873
418961
418962
418963
418965
418966
419081
419082
419083
419084
419121
419122
419123
419261
419601
419602
419604
419605
419606
419607
419608
419609
419610
419613
419614
419615
419616
419621
419622
419623
419624
419625
419626
419628
419629
419630
419631
419632
419633
419635
419636
419637
419638
419639
419640
419641
419644
419645
419646
419647
419648
419649
419650
419651
419652
419653
419654
419655
419656
419657
419658
419659
419660
419662
419663
419664
419668
419669
419670
419671
419674
419675
419676
419677
419678
419679
419681
419682
419683
419684
419685
419687
419688
419689
419690
419691
419692
419694
419696
419697
419698
419699
419700
419701
419702
419703
419704
419706
419707
419709
419710
419714
419715
419716
419717
419718
419719
419722
419723
419724
419726
419727
419728
419731
419733
419734
419735
419742
419743
419746
419747
419748
419749
419750
419752
419901
419902
419903
419905
419906
419908
419909
419911
419912
419913
419915
419916
419917
419919
419920
419921
419927
419929
419931
419932
419933
419934
419935
420011
420012
420014
420015
420016
420017
420018
420019
420020
420022
420023
420025
420026
420027
420028
420029
420030
420032
420036
420037
420040
420041
420042
420046
420047
420048
420050
420051
420053
420054
420055
420057
420058
420059
420062
420063
420064
420065
420066
420068
420069
420070
420071
420072
420073
420074
420076
420078
420079
420080
420081
420082
420083
420084
420086
420087
420088
420090
420091
420211
420212
420213
420214
420215
420216
420217
420218
420261
420262
420263
420264
420265
420267
420268
420269
420270
420271
420272
420273
420274
420275
420276
420277
420278
420279
420280
420281
420282
420283
420284
420285
420286
420287
420331
420332
420333
420334
420371
420372
420373
420374
420375
420376
420377
420378
420379
420380
420383
420384
420385
420386
420388
420389
420391
420394
420395
420396
420398
420399
420400
420404
420405
420406
420407
420408
420409
420410
420413
420415
420417
420418
420419
420422
420424
420425
420426
420427
420428
420429
420430
420432
420435
420441
420442
420443
420444
420446
420447
420450
420451
420631
420633
420634
420635
420636
420637
420638
420639
420641
420642
420643
420645
420646
420647
420648
420649
420650
420651
420652
420653
420654
420655
420701
420703
420704
420741
421201
421202
421203
421204
421205
421206
421207
421208
421209
421210
421211
421212
421214
421215
421216
421217
421218
421219
421220
421221
421222
421223
421224
421225
421226
421227
421228
421230
421231
421232
421234
421235
421236
421237
421238
421239
421240
421241
421242
421243
421244
421245
421246
421247
421249
421250
421251
421252
421253
421254
421255
421256
421257
421258
421259
421261
421262
421263
421265
421266
421267
421268
421269
421270
421271
421274
421275
421277
421278
421279
421281
421282
421283
421284
421285
421286
421287
421288
421289
421290
421291
421292
421293
421294
421295
421296
421297
421298
421299
421300
421301
421303
421304
421305
421306
421307
421308
421309
421310
421311
421312
421313
421413
421414
421416
421419
421420
421421
421422
421423
421424
421425
421428
421429
421431
421432
421433
421435
421436
421437
421439
421441
421442
421443
421444
421448
421452
421453
421455
421458
421461
421581
421582
421583
421584
421586
421587
421588
421589
421590
421591
421592
421593
421594
421595
421596
421597
421599
421600
421601
421602
421603
421604
421608
421609
421611
421612
421614
421616
421751
421753
421756
421759
421761
421762
421763
421766
421768
421770
421772
421773
421777
421778
421779
421781
421782
421783
421784
421786
421787
421788
421789
421794
421796
421797
421799
421802
421803
421807
421808
421815
421819
421820
421822
421835
421837
421838
421839
421921
421922
421923
421961
421962
422301
422302
422303
422304
422305
422306
422307
422308
422309
422310
422311
422361
422362
422363
422364
422365
422366
422367
422368
422369
422370
422371
422372
422401
422402
422403
422404
422405
422406
422407
422441
422442
422443
422444
422445
422446
422447
422448
422449
422450
422451
422452
422801
422802
422803
422804
422805
422807
422808
422809
422811
422813
422814
422815
422817
422818
422819
422820
422821
422822
422823
422824
422825
422826
422827
422828
422829
422830
422831
422832
422833
422834
422835
422836
422837
422839
422840
422841
422842
422843
422844
422845
422846
422847
422848
422849
422850
422851
422852
422853
422854
422855
422857
422858
422859
422860
422862
422864
422865
422866
422867
422868
422869
422871
422872
422873
422874
422875
422876
422877
422878
422879
422951
422952
422953
422954
422955
422956
422957
422958
422959
423011
423012
423013
423014
423015
423016
423051
423052
423053
423054
423055
423056
423057
423058
423059
423060
423061
423062
423063
423064
423065
423066
423181
423182
423183
423184
423185
423186
423187
423188
423261
423262
423263
423264
423265
423266
423341
423342
423343
423344
423345
423346
423347
423441
423581
423582
423583
423584
423631
423632
423633
423634
423635
423636
423637
423638
423639
423640
423641
423642
423643
423644
423645
423646
423647
423648
423649
423650
423651
423741
425001
425002
425003
425004
425005
425006
425010
425011
425012
425014
425015
425016
425017
425018
425019
425020
425022
425023
425024
425025
425026
425027
425028
425030
425032
425033
425034
425035
425036
425038
425040
425041
425042
425043
425044
425045
425047
425048
425049
425050
425051
425052
425053
425054
425055
425056
425057
425058
425059
425061
425062
425063
425065
425066
425067
425068
425069
425070
425071
425072
425073
425074
425075
425077
425078
425080
425081
425082
425083
425084
425088
425089
425090
425091
425092
425093
425094
425095
425096
425097
425098
425099
425100
425101
425103
425104
425105
425106
425107
425108
425109
425110
425111
425112
425113
425114
425115
425116
425117
425118
425119
425120
425121
425122
425123
425124
425125
425126
425127
425128
425129
425130
425131
425132
425133
425134
425136
425138
425139
425140
425141
425142
425143
425144
425146
425149
425150
425151
425201
425202
425203
425204
425205
425206
425207
425211
425212
425213
425214
425215
425216
425217
425218
425219
425220
425221
425222
425223
425224
425225
425226
425351
425352
425353
425354
425355
425356
425357
425358
425359
425360
425361
425362
425601
425602
425603
425604
425605
425606
425607
425608
425609
425610
425611
425612
425613
425614
425615
425616
425618
425619
425620
425621
425622
425623
425624
425625
425626
425627
425628
425629
425630
425631
425632
425633
425634
425635
425636
425637
425638
425639
425640
425641
425642
425643
425644
425645
425646
425647
425648
425649
425650
425651
425652
425653
425654
425655
425656
425657
425658
425659
425660
425661
425662
425663
425664
425665
425666
425667
425668
425669
425670
425671
425672
425673
425674
425675
425676
425677
425678
425680
425681
425682
425683
425684
425685
425686
425687
425688
425689
425690
425691
425692
425693
425694
425695
425696
425697
425698
425699
425700
425701
425702
425703
425704
425705
425706
425707
425708
425709
425710
425711
425712
425713
425714
425715
425716
425717
425718
425719
425720
425721
425722
425723
425724
425725
425726
425727
425728
425729
425730
425731
425732
425733
425734
425735
425736
425737
425738
425739
425740
425741
425742
425743
425744
425745
425746
425747
425748
425749
425750
425751
425752
425753
425754
425755
425757
425758
425759
425760
425761
425762
425763
425764
425765
425766
425767
425768
425769
425770
425771
425772
425773
425774
425775
425776
425779
425781
425782
425783
425784
425785
425786
425787
425788
425789
425790
425791
425792
425793
425794
425795
425796
425797
425798
425799
425800
425801
425802
425803
425804
425805
425806
425807
425809
425810
425811
425812
425813
425814
425815
425816
425817
425818
425819
425820
425821
425822
425823
425824
425825
425826
425828
425829
425830
425831
425832
425833
425834
425835
425836
425837
425838
425839
425840
425841
425842
425843
425844
425845
425846
425847
425848
425850
425851
425853
425854
425855
425856
425857
425858
425859
425860
425861
425862
425863
425864
425865
425866
425867
425868
425869
425870
425871
425872
425873
425874
425876
425877
425878
425879
425880
425881
425882
425883
425884
425885
425886
425887
425888
425889
425890
425891
425892
425893
425894
425895
425896
425897
425898
425899
425900
425901
425902
425903
425904
425905
425906
425908
425909
425910
425911
425912
425913
425914
425915
425916
425917
425918
425919
425920
425921
425922
425923
425924
425925
425926
425927
425928
425929
425930
425931
425932
425933
425934
425935
425936
425937
425938
425939
425940
425941
425942
425943
425944
425945
425946
425947
425948
425949
425950
425951
425952
425953
425954
425956
425957
425958
425959
425960
425961
425963
425964
425965
425966
425967
425968
425969
425970
425971
425972
425973
425974
425975
425976
425977
425979
425980
425981
425982
425983
425984
425985
425986
425987
425988
425989
425991
425992
425993
425994
425995
425996
425997
425998
425999
426000
426001
426401
426402
426403
426404
426405
426406
426407
426408
426409
426410
426411
426412
426413
426416
426417
426418
426419
426421
426422
426424
426425
426426
426427
426428
426429
426430
426431
426432
426433
426434
426435
426436
426437
426438
426439
426442
426443
426444
426445
426446
426447
426448
426449
426450
426451
426452
426453
426454
426455
426456
426457
426458
426459
426460
426461
426462
426463
426464
426466
426467
426468
426469
426470
426472
426473
426474
426475
426476
426477
426478
426479
426480
426481
426482
426484
426485
426487
426488
426489
426490
426492
426493
426495
426497
426498
426499
426500
426501
426502
426503
426505
426506
426508
426509
426510
426511
426513
426514
426517
426518
426519
426520
426521
426522
426523
426524
426525
426527
426529
426530
426531
426532
426533
426534
426535
426537
426540
426542
426543
426544
426545
426546
426547
426548
426549
426550
426551
426552
426554
426555
426557
426558
426559
426560
426561
426562
426564
426565
426566
426567
426570
426571
426572
426573
426574
426576
426579
426580
426581
426582
426583
426584
426587
426588
426589
426590
426591
426592
426593
426594
426595
426596
426597
426598
426599
426600
426601
426602
426603
426604
426605
426606
426607
426608
426609
426610
426611
426612
426613
426614
426615
426616
426617
426618
426619
426620
426621
426622
426623
426624
426626
426627
426628
426629
426630
426631
426632
426633
426635
426636
426637
426638
426639
426641
426642
426643
426644
426645
426646
426648
426649
426650
426652
426654
426656
426657
426658
426660
426661
426662
426663
426664
426666
426668
426669
426670
426671
426672
426673
426674
426675
426676
426677
426678
426679
426680
426681
426682
426683
426684
426685
426686
426689
426690
426691
426692
426693
426694
426695
426696
426697
426698
426699
426700
426701
426702
426703
426704
426705
426706
426707
426708
426711
426713
426714
426716
426717
426719
426720
426721
426722
426723
426724
426725
426726
426727
426728
426729
426730
426731
426732
426733
426734
426735
426736
426737
426738
426739
426740
426741
426742
426743
426744
426747
426748
426749
426752
426753
426754
426755
426756
426757
426758
426759
426760
426761
426762
426763
426764
426765
426766
426767
426768
426769
426770
426771
426772
426773
426774
426775
426776
426777
426778
426779
426780
426781
426782
426783
426784
426785
426786
426787
426788
426789
426790
426791
426792
426793
426795
426796
426797
426798
426799
426800
426801
426802
426803
426804
426805
426806
426807
426808
426809
426810
426811
426812
426813
426815
426816
426817
426818
426820
426821
426901
426902
426903
426904
426905
426906
426907
426908
426909
426910
426911
426912
426913
426914
426915
426916
426917
426918
426919
426920
426921
426922
426923
426924
426925
426926
426927
426929
426930
426931
426932
426933
426934
426935
426936
426937
426938
426939
426940
426941
426942
426943
426944
426945
426946
426947
426948
426949
426950
426951
426952
426953
426954
426955
426956
426957
426958
426959
426960
426961
426962
426963
426964
426965
426966
426967
426968
426969
426970
426971
426972
426973
426974
426975
426976
426977
426978
426979
426980
426981
426982
426983
426984
426985
426986
426987
426988
426989
426990
426991
426992
426993
426994
426995
426996
426997
426998
426999
427000
427001
427003
427004
427005
427006
427007
427008
427009
427010
427011
427012
427013
427014
427015
427016
427017
427018
427019
427020
427021
427022
427023
427024
427025
427026
427027
427028
427029
427030
427031
427032
427033
427034
427035
427036
427037
427038
427039
427040
427041
427042
427043
427044
427045
427046
427047
427048
427049
427050
427051
427052
427053
427054
427055
427056
427057
427058
427059
427060
427061
427062
427063
427064
427065
427066
427067
427068
427069
427070
427072
427073
427074
427075
427076
427077
427078
427079
427080
427081
427082
427083
427084
427085
427086
427087
427088
427089
427090
427091
427092
427093
427094
427095
427096
427097
427098
427099
427100
427101
427102
427103
427104
427105
427106
427107
427108
427109
427110
427112
427113
427114
427115
427116
427117
427118
427119
427120
427121
427122
427123
427124
427125
427126
427127
427128
427129
427130
427131
427132
427133
427134
427135
427136
427137
427138
427139
427140
427141
427142
427143
427144
427145
427146
427147
427148
427149
427150
427151
427152
427153
427154
427155
427156
427157
427158
427159
427160
427161
427162
427163
427164
427165
427166
427167
427168
427169
427170
427171
427172
427173
427174
427175
427176
427177
427178
427179
427180
427181
427182
427183
427184
427185
427186
427187
427188
427189
427191
427192
427193
427194
427195
427196
427197
427198
427199
427200
427201
427202
427203
427204
427205
427206
427207
427208
427209
427210
427211
427212
427213
427214
427215
427216
427218
427219
427220
427221
427222
427223
427224
427225
427226
427227
427228
427229
427230
427231
427232
427233
427234
427235
427236
427237
427238
427239
427240
427241
427242
427243
427244
427245
427246
427247
427248
427249
427250
427251
427252
427253
427254
427255
427256
427258
427259
427260
427261
427262
427263
427264
427265
427266
427267
427268
427269
427270
427271
427272
427273
427274
427275
427276
427277
427278
427279
427280
427281
427282
427283
427284
427285
427286
427288
427289
427290
427291
427292
427293
427294
427295
427296
427297
427298
427299
427300
427301
427302
427303
427304
427305
427306
427307
427308
427309
427310
427311
427312
427313
427314
427315
427451
427452
427453
427454
427455
427456
427457
427458
427459
427460
427461
427462
427463
427464
427465
427466
427467
427468
427469
427472
427473
427474
427475
427477
427478
427479
427480
427481
427482
427483
427484
427485
427486
427488
427490
427491
427492
427493
427494
427495
427496
427497
427498
427499
427501
427502
427503
427504
427505
427506
427507
427508
427509
427510
427511
427512
427513
427514
427515
427516
427517
427518
427519
427520
427521
427522
427523
427524
427525
427526
427527
427528
427529
427530
427531
427532
427533
427534
427535
427536
427537
427538
427539
427541
427542
427543
427544
427545
427546
427547
427548
427549
427550
427551
427552
427553
427554
427555
427556
427557
427558
427559
427560
427561
427562
427563
427564
427566
427567
427568
427569
427570
427571
427572
427573
427574
427575
427576
427577
427578
427579
427581
427582
427583
427584
427585
427586
427587
427588
427589
427590
427591
427592
427593
427594
427595
427596
427597
427598
427599
427600
427601
427602
427603
427604
427605
427606
427607
427608
427609
427610
427611
427612
427613
427614
427616
427617
427618
427619
427620
427621
427622
427623
427624
427625
427626
427627
427628
427629
427630
427631
427633
427634
427635
427636
427637
427638
427639
427640
427641
427642
427643
427644
427645
427646
427647
427648
427649
427651
427652
427653
427654
427655
427656
427657
427658
427659
427660
427661
427662
427663
427664
427665
427666
427667
427668
427669
427670
427671
427672
427673
427674
427675
427676
427677
427678
427679
427680
427681
427682
427683
427684
427686
427687
427688
427961
427962
427963
427964
427965
427966
427967
427968
427969
427970
427971
427972
427973
427974
427975
427976
427977
427978
427979
427980
427981
427982
427983
427984
427985
427986
427987
428051
428052
428053
428054
428055
428056
428057
428058
428059
428060
428061
428062
428063
428065
428066
428067
428068
428069
428070
428071
428072
428073
428074
428075
428076
428077
428078
428079
428080
428081
428082
428083
428084
428085
428086
428087
428088
428089
428090
428091
428092
428093
428094
428095
428096
428097
428098
428100
428101
428102
428103
428104
428105
428106
428107
428108
428110
428111
428113
428114
428115
428116
428117
428118
428119
428120
428121
428122
428123
428124
428125
428126
428127
428128
428130
428131
428132
428133
428134
428135
428136
428137
428138
428139
428141
428142
428143
428144
428145
428146
428147
428148
428149
428150
428151
428152
428153
428154
428155
428156
428157
428158
428159
428160
428161
428162
428164
428166
428168
428169
428170
428171
428172
428251
428252
428253
428254
428255
428256
428257
428258
428259
428260
428261
428262
428263
428264
428265
428266
428267
428268
428269
428270
428272
428273
428274
428275
428276
428277
428278
428279
428280
428321
428322
428323
428324
428325
428361
428362
428363
428364
428365
428366
428367
428368
428369
428370
428371
428372
428373
428374
428375
428376
428377
428378
428379
428380
428381
428382
428384
428385
428387
428388
428389
428390
428391
428392
428393
428395
428396
428397
428398
428399
428400
428401
428402
428403
428404
428405
428406
428408
428409
428410
428411
428412
428413
428414
428415
428416
428417
428418
428419
428420
428421
428422
428423
428424
428425
428426
428427
428428
428429
428430
428431
428432
428433
428434
428435
428436
428437
428438
428439
428440
428441
428731
428732
428733
428734
428735
428736
428737
428738
428739
428740
428741
428742
428743
428744
428745
428746
428747
428748
428749
428750
428751
428752
428753
428754
428755
428756
428757
428758
428759
428760
428761
428763
428764
428765
428766
428767
428768
428769
428770
428771
428772
428773
428774
428775
428778
428779
428780
428781
428782
428783
428784
428785
428786
428787
428788
428789
428790
428791
428792
428793
428794
428795
428796
428797
428798
428799
428800
428801
428802
428803
428804
428805
428806
428807
428808
428809
428810
428811
428812
428813
428814
428815
428816
428817
428818
428819
428820
428821
428822
428823
428824
428825
428826
428827
428829
428830
428831
428832
428833
428834
428835
428836
428837
428838
428839
428840
428841
428842
428843
428844
428845
428846
428847
428848
428849
428850
428851
428852
428853
428854
428855
428856
428857
428858
428859
428860
428861
428862
428863
428864
428865
428866
428867
428868
428870
428871
428872
428873
428874
428875
428876
428877
428878
428879
428880
428881
428882
428883
428884
428885
428886
428887
428888
428889
428890
428891
428892
428893
428894
428895
428896
428897
428898
428899
428900
428901
428902
428903
428904
428905
428906
428907
428908
428909
428910
428911
428912
428913
428914
428915
428916
428917
428918
428919
428920
428922
428923
428924
428925
428926
428927
428928
428929
428930
428931
428932
428933
428934
428935
428936
428937
428938
428939
428940
428941
428942
428943
428944
428945
428946
428947
428948
428949
428950
428951
428954
428955
428956
428957
428958
428959
428960
428961
428962
428963
428964
428965
428966
428967
428968
428969
428971
428972
428973
428974
428975
428976
428977
428978
428979
428980
428981
428982
428983
428984
428985
428986
428987
428988
428989
428990
428991
428992
428994
428995
428996
428997
428998
428999
429000
429001
429002
429003
429004
429005
429006
429007
429008
429009
429010
429011
429012
429013
429014
429015
429016
429017
429018
429019
429020
429021
429022
429023
429024
429025
429026
429027
429028
429031
429032
429033
429034
429035
429036
429037
429038
429039
429040
429041
429042
429043
429044
429045
429046
429047
429048
429049
429050
429051
429052
429053
429054
429055
429056
429057
429058
429059
429060
429061
429062
429063
429064
429066
429067
429068
429069
429070
429071
429072
429073
429074
429075
429076
429077
429078
429079
429080
429081
429082
429083
429084
429085
429086
429087
429088
429089
429091
429092
429093
429094
429095
429096
429097
429098
429099
429100
429101
429102
429103
429104
429105
429106
429107
429108
429301
429302
429303
429304
429305
429306
429307
429308
429309
429310
429311
429312
429313
429314
429316
429371
429372
429373
429374
429375
429376
429377
429378
429379
429380
429381
429382
429383
429384
429385
429386
429387
429388
429451
429452
429453
429454
429455
429456
429457
429458
429459
429460
429461
429462
429463
429464
429465
429466
429467
429468
429469
429470
429471
429472
429473
429474
429475
429476
429477
429478
429479
429480
429481
429482
429483
429551
429553
429554
429555
429556
429557
429558
429559
429560
429561
429562
429563
429564
429565
429566
429567
429568
429569
429570
429572
429573
429574
429575
429576
429577
429579
429580
429581
429582
429583
429584
429585
429586
429587
429588
429589
429591
429592
429593
429594
429595
429596
429597
429598
429599
429600
429601
429602
429603
429604
429605
429606
429607
429608
429609
429610
429611
429612
429613
429614
429615
429616
429617
429618
429619
429620
429621
429622
429623
429624
429625
429626
429627
429628
429629
429630
429631
429632
429633
429634
429635
429636
429637
429638
429639
429640
429641
429642
429643
429644
429645
429646
429647
429648
429649
429650
429651
429652
429653
429654
429655
429656
429657
429658
429659
429660
429661
429662
429664
429665
429666
429667
429668
429669
429670
429671
429672
429674
429675
429676
429677
429678
429679
429680
429682
429683
429684
429685
429686
429687
429688
429689
429690
429691
429692
429693
429694
429695
429696
429697
429698
429699
429700
429701
429702
429703
429704
429705
429706
429707
429708
429709
429710
429711
429712
429713
429714
429715
429716
429717
429718
429719
429720
429721
429722
429723
429724
429725
429726
429727
429728
429729
429730
429731
429732
429733
429734
429735
429736
429737
429738
429739
429740
429741
429742
429743
429745
429746
429747
429748
429749
429750
429751
429753
429754
429755
429756
429757
429758
429759
429761
429762
429763
429764
429765
429766
429767
429768
429769
429770
429771
429772
429773
429774
429775
429776
429777
429778
429779
429780
429781
429782
429783
429784
429785
429786
429787
429788
429789
429790
429791
429792
429793
429794
429795
429796
429797
429798
429799
429800
429801
429802
429803
429804
429805
429806
429807
429808
429809
429810
429811
429812
429813
429814
429815
429816
429817
429818
429819
429820
429821
429822
429823
429824
429825
429826
429827
429828
429829
429830
429831
429832
429833
429834
429835
429836
429837
429838
429839
429840
429841
429842
429843
429844
429845
429846
429847
429848
429849
429850
429851
429852
429853
429854
429855
429856
429857
429858
429859
429860
429861
429862
429864
429865
429866
429867
429868
429869
429870
429871
429872
429873
429874
429875
429876
429877
429878
429879
429880
429881
429882
429883
429884
429885
429886
429887
429888
429889
429890
429891
429892
429893
429894
429895
429896
429897
429898
429899
429900
429901
429902
429903
429904
429905
429906
429907
429908
429909
429911
429912
429914
429915
429916
429917
429918
429919
429920
429921
429922
429923
429924
429925
429926
429927
429928
429929
429930
429931
429932
429933
429934
429935
429936
429937
429938
429939
429940
429941
429942
429943
429944
429945
429946
429947
429948
429949
429950
429951
429952
429953
429954
429955
429956
429957
429958
429959
429960
429961
429962
429963
429965
429966
429967
429968
429969
429970
429971
429972
429973
429974
429975
429976
429977
429980
429981
429982
429983
429984
429985
429986
429987
429988
430101
430102
430103
430104
430105
430106
430107
430151
430152
430153
430154
430155
430156
430157
430158
430159
430160
430161
430162
430163
430164
430165
430166
430167
430168
430169
430170
430171
430172
430173
430174
430175
430176
430177
430178
430179
430180
430181
430182
430183
430184
430185
430186
430187
430188
430189
430190
430191
430192
430193
430194
430195
430196
430197
430198
430199
430200
430201
430202
430203
430204
430205
430261
430262
430263
430321
430322
430371
430372
430373
430374
430901
430902
430903
430904
430905
430906
430907
430909
430911
430912
430913
430915
430917
430918
430920
430921
430922
430923
430924
430925
430927
430928
430929
430930
430931
430933
430935
430939
430940
430941
430942
430943
430945
430946
430947
430948
430949
430950
430952
430953
430955
430956
430957
430959
430960
430962
430963
430964
430965
430967
430968
430969
430970
430971
430972
430973
430974
430975
430976
430977
430978
430979
430981
430983
430984
430985
430987
430989
430990
430991
430992
430994
430997
430999
431000
431001
431002
431003
431004
431005
431006
431007
431008
431009
431012
431016
431019
431020
431021
431022
431023
431024
431025
431026
431027
431028
431029
431030
431031
431032
431033
431035
431036
431037
431038
431039
431040
431041
431042
431043
431044
431045
431046
431047
431048
431049
431051
431052
431053
431054
431055
431056
431057
431058
431059
431060
431061
431063
431065
431067
431068
431069
431070
431071
431072
431073
431074
431075
431076
431077
431078
431079
431080
431082
431083
431086
431201
431202
431203
431204
431205
431206
431207
431208
431209
431212
431215
431216
431217
431218
431219
431221
431222
431223
431224
431225
431226
431227
431229
431230
431231
431232
431234
431236
431238
431239
431240
431241
431242
431243
431244
431245
431246
431248
431250
431251
431252
431253
431254
431255
431256
431257
431258
431259
431260
431261
431262
431263
431265
431266
431267
431268
431269
431270
431271
431272
431273
431274
431275
431276
431277
431421
431422
431423
431424
431425
431426
431427
431428
431429
431431
431432
431433
431434
431435
431436
431437
431439
431440
431582
431585
431587
431588
431590
431591
431592
431593
431594
431652
431653
431654
431656
431657
431658
431659
431661
431662
431664
431665
431666
431667
431668
431669
431670
431671
431672
431673
431674
431675
431678
431680
431683
431684
431686
431687
431688
431689
431690
431693
431694
431695
432001
432002
432003
432004
432005
432006
432007
432008
432009
432010
432011
432012
432013
432014
432015
432016
432017
432018
432019
432020
432021
432022
432023
432024
432025
432026
432027
432028
432029
432030
432031
432032
432033
432034
432035
432036
432037
432038
432039
432040
432041
432042
432043
432044
432045
432046
432047
432048
432049
432050
432051
432052
432053
432054
432055
432056
432057
432058
432059
432060
432141
432142
432143
432144
432145
432146
432147
432148
432149
432150
432151
432152
432153
432154
432155
432156
432157
432158
432159
432160
432161
432162
432163
432164
432165
432166
432167
432168
432169
432170
432171
432172
432173
432174
432175
432176
432177
432178
432179
432180
432181
432182
432183
432184
432185
432186
432187
432188
432189
432190
432191
432192
432193
432194
432195
432196
432197
432261
432262
432263
432264
432265
432266
432267
432268
432269
432270
432271
432272
432273
432274
432275
432276
432278
432279
432280
432281
432282
432283
432284
432285
432286
432287
432288
432289
432290
432291
432292
432293
432294
432295
432296
432297
432298
432299
432300
432301
432302
432303
432304
432305
432306
432307
432308
432309
432310
432311
432312
432313
432314
432315
432316
432317
432318
432319
432320
432321
432322
432323
432324
432325
432326
432327
432328
432329
432330
432331
432332
432333
432334
432335
432336
432337
432338
432339
432340
432341
432342
432343
432344
432346
432347
432348
432349
432350
432351
432352
432353
432354
432355
432356
432357
432358
432359
432360
432361
432362
432363
432364
432365
432367
432368
432369
432370
432373
432375
432376
432377
432378
432379
432380
432381
432382
432383
432384
432385
432386
432387
432388
432389
432390
432391
432392
432393
432394
432395
432396
432397
432398
432399
432400
432401
432402
432403
432404
432406
432407
432408
432409
432410
432411
432412
432413
432414
432415
432416
432417
432418
432419
432420
432421
432422
432423
432424
432425
432426
432427
432429
432430
432431
432432
432433
432434
432435
432436
432551
432552
432553
432554
432555
432556
432557
432558
432559
432560
432561
432562
432563
432564
432565
432566
432567
432568
432570
432571
432572
432573
432621
432624
432625
432626
432628
432629
432630
432631
432632
432633
432635
432637
432638
432639
432640
432641
432642
432643
432644
432645
432646
432649
432650
432651
432652
432653
432654
432655
432656
432657
432658
432659
432662
432664
432665
432666
432667
432668
432669
432670
432671
432672
432673
432675
432676
432680
432681
432682
432683
432684
432685
432687
432688
432689
432690
432691
432692
432693
432695
432696
432697
432698
432699
432700
432701
432702
432704
432706
432707
432708
432709
432710
432711
432712
432713
432714
432715
432716
432718
432719
432720
432721
432722
432723
432724
432725
432726
432727
432728
432729
432730
432731
432732
432735
432736
432738
432739
432740
432741
432743
432744
432745
432746
432747
432749
432750
432751
432753
432754
432756
432757
432758
432759
432760
432761
432762
432763
432764
432765
432766
432768
432769
432770
432771
432772
432773
432774
432775
432776
432777
432778
432779
432780
432781
432782
432783
432784
432785
432786
432787
432788
432789
432790
432791
432792
432793
432794
432795
432796
432797
432798
432799
432800
432801
432802
432803
432804
432806
432807
432808
432809
432810
432812
432813
432814
432815
432816
432817
432818
432819
432820
432821
432822
432823
432824
432825
432826
432827
432828
432829
432830
432831
432832
432833
432834
432837
432838
432840
432841
432842
432843
432844
432845
432846
432847
432848
432849
432850
432851
432853
432854
432856
432857
432858
432859
432860
432861
432862
432866
432867
432868
432869
432870
432871
432872
432873
432874
432875
432878
432879
432880
432881
432882
432883
432884
432885
432887
432888
432889
432890
432891
432892
432893
432895
432896
432897
432898
432899
432901
432902
432903
432905
432906
432907
432908
432909
432910
432911
432912
432914
432915
432916
432917
432918
432919
432920
432922
432923
432924
432925
432926
432927
432928
432929
432930
432931
432932
432933
432934
432935
432936
432937
432938
432939
432940
432941
432943
432945
432947
432948
432949
432951
432952
432953
432954
432956
432957
432959
432961
432964
432965
432966
432968
432969
432970
432972
432973
432974
432975
432976
432977
432978
432979
432980
432981
432982
432983
432984
432985
432986
432987
432988
432989
432990
432991
432992
432993
432995
432996
432997
432998
432999
433000
433002
433004
433007
433008
433010
433011
433012
433014
433015
433019
433020
433021
433023
433024
433025
433026
433251
433252
433253
433254
433255
433256
433257
433258
433259
433260
433261
433262
433263
433264
433266
433267
433268
433269
433271
433275
433276
433277
433278
433279
433280
433281
433282
433283
433284
433285
433286
433287
433288
433289
433290
433291
433292
433293
433294
433295
433296
433297
433298
433300
433301
433302
433303
433304
433305
433361
433362
433363
433364
433365
433366
433367
433368
433369
433370
433371
433372
433373
433701
433702
433704
433705
433706
433707
433708
433709
433710
433711
433712
433713
433715
433716
433717
433718
433720
433721
433723
433724
433725
433726
433727
433732
433733
433734
433735
433736
433737
433738
433739
433740
433741
433742
433743
433744
433745
433746
433747
433748
433750
433751
433752
433754
433756
433757
433758
433759
433760
433761
433765
433766
433767
433768
433769
433770
433771
433772
433774
433775
433776
433777
433778
433779
433780
433781
433782
433783
433784
433786
433787
433788
433790
433791
433793
433794
433795
433796
433797
433799
433800
433801
433803
433805
433806
433807
433808
433809
433811
433812
433813
433814
433815
433816
433817
433818
433820
433822
433823
433824
433825
433826
433827
433828
433829
433830
433831
433833
433835
433836
433838
433839
433840
433841
433842
433843
433844
433846
433847
433848
433849
433852
433853
433854
433856
433858
433859
433860
433862
433864
433865
433867
433868
433869
433870
433871
433872
433874
433877
433879
433882
433883
433885
433887
433888
433889
433890
433894
433895
433896
433897
433898
433899
433900
433902
433903
434001
434003
434004
434005
434006
434008
434009
434010
434011
434012
434013
434014
434015
434016
434017
434018
434019
434020
434022
434023
434025
434026
434027
434029
434030
434036
434037
434038
434039
434040
434041
434043
434044
434045
434046
434047
434048
434049
434050
434052
434053
434054
434056
434057
434058
434059
434061
434062
434063
434064
434065
434066
434067
434068
434069
434070
434071
434072
434073
434074
434075
434076
434077
434078
434079
434080
434081
434082
434083
434084
434085
434086
434087
434089
434092
434093
434094
434095
434096
434097
434098
434099
434101
434102
434104
434105
434106
434107
434108
434109
434110
434111
434112
434113
434114
434115
434116
434117
434118
434119
434120
434121
434122
434123
434124
434125
434126
434127
434128
434129
434130
434131
434132
434133
434134
434136
434137
434138
434139
434140
434141
434142
434143
434144
434145
434146
434147
434148
434149
434150
434151
434152
434153
434154
434155
434156
434157
434158
434159
434160
434161
434162
434163
434164
434165
434166
434167
434168
434169
434170
434171
434172
434173
434174
434175
434176
434177
434178
434179
434180
434181
434182
434183
434184
434322
434323
434324
434325
434326
434327
434328
434329
434330
434331
434332
434333
434334
434336
434337
434338
434339
434341
434342
434343
434344
434347
434348
434351
434401
434402
434404
434405
434406
434407
434408
434409
434410
434411
434412
434413
434414
434415
434416
434417
434418
434419
434420
434421
434422
434424
434425
434426
434427
434428
434429
434430
434431
434432
434433
434434
434435
434436
434437
434438
434801
434802
434804
434805
434806
434807
434808
434809
434810
434811
434812
434813
434814
434815
434816
434817
434818
434819
434820
434821
434822
434823
434824
434825
434826
434827
434828
434829
434830
434831
434832
434833
434834
434835
434836
434837
434838
434839
434840
434841
434842
434843
434844
434845
434846
434847
434848
434849
434850
434851
434852
434853
434854
434855
434856
434857
434858
434859
434860
434861
434862
434863
434864
434865
434866
434867
434868
434869
434870
434871
434872
434873
434874
434875
434876
434877
434878
434879
434880
434881
434882
434883
434884
434886
434887
434888
434889
434890
434891
434892
434893
434894
434895
434896
434897
434898
434899
434900
434901
434902
434903
434904
434905
434906
434907
434908
434909
434910
434911
434912
434913
434914
434915
434916
434917
434919
434920
434921
434922
434923
434924
434925
434926
434927
434929
434930
434931
434932
434933
434934
434935
435201
435202
435203
435204
435205
435206
435207
435208
435209
435210
435211
435212
435213
435214
435215
435216
435217
435218
435219
435220
435221
435222
435223
435224
435225
435226
435227
435228
435229
435230
435231
435232
435233
435234
435235
435236
435237
435238
435239
435240
435241
435242
435243
435244
435245
435246
435247
435248
435249
435250
435251
435252
435253
435254
435255
435256
435257
435258
435259
435260
435261
435262
435263
435264
435265
435266
435267
435268
435269
435270
435271
435272
435273
435274
435275
435276
435277
435278
435279
435280
435281
435282
435283
435284
435285
435286
435288
435289
435290
435291
435292
435293
435294
435295
435296
435297
435298
435299
435300
435301
435302
435303
435304
435305
435306
435307
435308
435309
435310
435311
435312
435313
435314
435315
435316
435317
435318
435319
435320
435321
435322
435323
435324
435325
435326
435327
435328
435329
435330
435331
435332
435333
435334
435335
435336
435337
435338
435339
435340
435341
435342
435343
435344
435345
435346
435347
435348
435349
435350
435351
435352
435353
435354
435355
435356
435357
435358
435359
435360
435361
435362
435363
435364
435365
435366
435367
435368
435369
435370
435371
435372
435373
435374
435375
435376
435377
435378
435379
435380
435381
435382
435383
435384
435385
435386
435387
435388
435389
435390
435391
435392
435394
435395
435396
435397
435398
435399
435400
435401
435402
435404
435405
435406
435407
435408
435409
435410
435411
435412
435413
435414
435415
435416
435417
435418
435419
435420
435421
435422
435423
435424
435425
435426
435427
435428
435429
435430
435431
435432
435433
435434
435435
435437
435438
435439
435440
435441
435442
435443
435444
435445
435446
435447
435448
435449
435450
435451
435452
435453
435454
435455
435456
435457
435458
435459
435460
435461
435462
435463
435464
435465
435466
435467
435468
435469
435470
435471
435472
435473
435474
435475
435476
435477
435478
435479
435480
435481
435482
435483
435484
435485
435486
435487
435489
435490
435491
435492
435493
435494
435495
435496
435497
435498
435499
435500
435501
435502
435503
435504
435505
435506
435507
435508
435509
435510
435511
435512
435513
435514
435515
435516
435517
435518
435519
435520
435521
435522
435523
435524
435525
435526
435527
435528
435529
435530
435531
435532
435533
435534
435536
435537
435538
435539
435540
435541
435542
435543
435544
435545
435546
435547
435548
435549
435550
435551
435552
435553
435554
435555
435556
435557
435558
435559
435560
435561
435562
435563
435564
435565
435566
435567
435568
435569
435570
435571
435572
435573
435574
435575
435576
435577
435578
435579
435580
435581
435582
435583
435584
435585
435586
435587
435588
435589
435590
435591
435592
435593
435594
435595
435596
435597
435598
435599
435600
435601
435602
435603
435604
435605
435606
435607
435608
435609
435610
435611
435612
435613
435614
435615
435616
435617
435618
435619
435620
435621
435622
435623
435624
435625
435626
435627
435628
435629
435630
435631
435632
435633
435634
435635
435636
435637
435638
435639
435640
435641
435642
435643
435644
435645
435646
435647
435648
435649
435650
435651
435652
435653
435654
435655
435656
435657
435658
435659
435660
435662
435801
435802
435803
435804
435805
435806
435807
435808
435809
435810
435812
435813
435814
435815
435816
435817
435818
435819
435820
435821
435822
435823
435824
435825
435826
435827
435828
435829
435830
435831
435832
435833
435834
435835
435836
435837
435838
435839
435840
435841
435842
435843
435844
435845
435846
435847
435848
435849
435850
435851
435852
435853
435854
435855
435856
435857
435858
435859
435860
435861
435862
435863
435864
435865
435866
435867
435868
435869
435870
435871
435872
435873
435874
435875
435876
435877
435878
435879
435880
435881
435882
435883
435884
435885
435886
435887
435888
435889
435890
435892
435893
435894
435895
435896
435897
435898
435900
435901
435902
435903
435904
435905
435906
435907
435908
435909
435910
435911
435912
435914
435915
435917
435918
435919
435920
435921
435922
435923
435924
435925
435926
435927
435928
435929
435930
435931
435932
435933
435934
435935
435936
435937
435938
435939
435940
435942
435946
435948
435951
436251
436252
436253
436254
436255
436256
436257
436258
436259
436260
436261
436262
436263
436264
436265
436266
436267
436268
436269
436270
436271
436272
436273
436274
436275
436276
436277
436278
436279
436280
436281
436282
436283
436284
436285
436286
436287
436288
436289
436290
436291
436401
436402
436403
436404
436405
436406
436407
436408
436409
436410
436411
436412
436413
436414
436415
436416
436417
436418
436419
436420
436421
436422
436423
436424
436425
436426
436427
436428
436429
436430
436431
436432
436433
436434
436435
436436
436437
436438
436439
436440
436441
436442
436443
436444
436445
436446
436447
436448
436449
436450
436451
436452
436453
436454
436455
436456
436457
436458
436459
436460
436461
436462
436463
436464
436465
436466
436467
436468
436469
436470
436471
436472
436473
436474
436475
436476
436477
436478
436479
436480
436481
436482
436483
436484
436485
436486
436487
436488
436489
436490
436491
436492
436493
436494
436495
436496
436497
436498
436499
436500
436501
436502
436503
436504
436505
436506
436507
436508
436509
436510
436511
436512
436513
436514
436515
436516
436517
436518
436519
436520
436521
436522
436523
436524
436525
436526
436527
436528
436529
436530
436531
436532
436533
436534
436535
436536
436537
436538
436539
436540
436541
436542
436543
436544
436545
436546
436547
436548
436549
436550
436551
436651
436652
436653
436701
436702
436703
436704
436705
436707
436708
436709
436710
436711
436712
436713
436714
436715
436716
436717
436718
436719
436781
436782
436783
436784
436785
436786
436787
436788
436789
436790
436791
436792
436793
436794
436795
436796
436797
436798
436799
436800
436801
436802
436803
436804
436805
436806
436807
436808
436810
436811
436812
436813
436814
436815
436816
436817
436818
436961
436962
436963
436964
436965
436966
436967
436968
436969
436970
436971
436972
436973
436974
436975
436976
436977
436978
436979
436980
436981
436982
436983
436984
436985
436986
436987
436988
436989
436990
436991
436992
436993
436994
436995
436996
436997
436998
436999
437000
437001
437002
437003
437004
437005
437006
437007
437009
437011
437012
437013
437014
437015
437016
437017
437018
437019
437020
437021
437022
437023
437024
437025
437026
437027
437028
437029
437030
437031
437032
437033
437034
437035
437036
437037
437038
437039
437040
437041
437042
437043
437044
437045
437046
437047
437049
437050
437051
437052
437053
437054
437055
437056
437057
437058
437059
437060
437061
437062
437063
437064
437065
437066
437067
437068
437069
437071
437072
437073
437074
437075
437076
437077
437078
437079
437281
437282
437283
437284
437285
437286
437287
437288
437289
437290
437291
437292
437293
437294
437295
437296
437298
437299
437300
437301
437302
437303
437304
437305
437306
437307
437308
437309
437311
437312
437313
437314
437315
437431
437432
437433
437434
437435
437436
437437
437438
437439
437440
437441
437442
437443
437444
437445
437446
437447
437448
437449
437450
437451
437452
437453
437454
437455
437456
437457
437458
437459
437460
437461
437462
437463
437464
437465
437466
437467
437468
437469
437470
437471
437472
437473
437474
437475
437476
437477
437478
437479
437480
437481
437482
437483
437484
437485
437486
437487
437488
437489
437490
437491
437492
437581
437582
437583
437584
437585
437586
437587
437588
437589
437590
437591
437592
437593
437594
437595
437596
437597
437598
437599
437600
437601
437602
437603
437604
437605
437651
437652
437653
437654
437655
437656
437657
437658
437659
437660
437661
437662
437663
437664
437665
437666
437668
437669
437670
437671
437672
437673
437674
437675
437676
437677
437682
437701
437702
437703
437704
437705
437706
437707
437708
437709
437710
437711
437712
437713
437714
437715
437716
437717
437718
437719
437720
437721
437722
437723
437724
437725
437726
437727
437728
437729
437730
437731
437732
437733
437734
437801
437802
437803
437804
437805
437806
437807
437808
437809
437810
438201
438202
438203
438204
438205
438206
438207
438208
438209
438210
438211
438212
438213
438214
438215
438216
438217
438218
438219
438220
438221
438222
438223
438224
438225
438226
438227
438228
438229
438230
438231
438232
438233
438234
438235
438236
438237
438238
438239
438240
438241
438242
438243
438244
438245
438246
438247
438248
438250
438251
438252
438253
438254
438255
438256
438257
438258
438259
438260
438261
438262
438263
438265
438266
438267
438268
438269
438270
438271
438272
438273
438274
438275
438276
438277
438278
438279
438280
438281
438282
438283
438284
438285
438286
438287
438288
438289
438290
438291
438292
438293
438294
438295
438296
438297
438298
438299
438300
438301
438302
438303
438304
438305
438306
438307
438308
438309
438310
438311
438312
438313
438314
438315
438316
438317
438318
438319
438320
438321
438322
438323
438324
438325
438326
438327
438329
438330
438331
438332
438333
438334
438335
438336
438337
438338
438339
438340
438341
438342
438343
438344
438345
438346
438347
438348
438349
438350
438351
438352
438353
438354
438355
438356
438357
438358
438359
438360
438361
438362
438363
438364
438365
438366
438367
438368
438369
438370
438371
438372
438373
438374
438375
438376
438377
438378
438379
438380
438381
438382
438383
438384
438385
438386
438387
438388
438389
438390
438391
438392
438393
438394
438395
438396
438397
438398
438399
438400
438401
438402
438403
438404
438405
438406
438407
438408
438409
438410
438411
438412
438413
438414
438415
438416
438417
438418
438419
438420
438421
438422
438423
438424
438425
438426
438427
438428
438429
438430
438431
438433
438434
438435
438436
438437
438438
438439
438440
438441
438442
438443
438444
438445
438446
438447
438448
438449
438450
438451
438452
438453
438454
438455
438456
438457
438458
438459
438460
438461
438462
438463
438464
438465
438466
438467
438468
438469
438470
438471
438472
438473
438474
438475
438476
438477
438478
438479
438480
438481
438482
438483
438484
438485
438486
438487
438488
438489
438490
438491
438492
438493
438494
438495
438496
438497
438498
438499
438500
438501
438502
438503
438505
438506
438507
438509
438510
438511
438512
438513
438514
438515
438516
438517
438518
438519
438520
438521
438522
438523
438524
438525
438526
438527
438528
438529
438530
438531
438532
438533
438534
438536
438537
438538
438539
438540
438541
439001
439002
439003
439004
439005
439006
439007
439008
439009
439010
439011
439012
439013
439014
439015
439016
439017
439018
439019
439020
439021
439022
439023
439024
439025
439026
439027
439028
439029
439030
439031
439032
439033
439034
439035
439036
439037
439038
439039
439040
439041
439042
439043
439044
439045
439046
439047
439048
439049
439050
439051
439052
439053
439054
439055
439056
439057
439058
439059
439060
439061
439062
439063
439064
439065
439066
439067
439068
439069
439071
439072
439073
439074
439075
439076
439077
439078
439079
439080
439081
439082
439083
439084
439085
439086
439087
439088
439089
439090
439091
439092
439093
439094
439095
439096
439097
439098
439099
439100
439101
439102
439103
439104
439105
439106
439107
439108
439109
439110
439111
439112
439113
439114
439115
439116
439117
439118
439119
439120
439121
439122
439124
439125
439126
439127
439128
439129
439130
439132
439133
439134
439135
439136
439137
439138
439139
439140
439141
439142
439143
439144
439145
439146
439147
439148
439149
439150
439151
439152
439153
439154
439156
439157
439158
439159
439160
439161
439162
439163
439164
439165
439166
439167
439168
439169
439170
439171
439172
439173
439174
439175
439176
439177
439178
439179
439180
439181
439182
439183
439184
439185
439186
439187
439188
439189
439190
439191
439192
439193
439194
439195
439196
439197
439198
439200
439201
439202
439203
439204
439205
439206
439207
439208
439209
439210
439213
439214
439215
439216
439217
439218
439219
439220
439221
439222
439223
439224
439225
439226
439227
439228
439229
439230
439231
439232
439233
439235
439236
439237
439238
439239
439240
439241
439242
439243
439244
439245
439246
439247
439248
439250
439252
439253
439254
439255
439256
439257
439258
439259
439260
439261
439262
439263
439264
439265
439266
439267
439268
439269
439270
439271
439272
439273
439274
439275
439276
439277
439278
439279
439280
439281
439282
439283
439284
439285
439286
439287
439289
439290
439291
439292
439293
439294
439295
439296
439297
439298
439299
439300
439301
439302
439303
439304
439306
439307
439308
439309
439310
439311
439312
439314
439315
439316
439317
439318
439319
439320
439321
439322
439323
439324
439325
439326
439327
439328
439330
439331
439332
439333
439335
439336
439337
439338
439340
439341
439342
439343
439344
439345
439346
439347
439348
439349
439350
439351
439352
439353
439354
439355
439356
439357
439358
439360
439361
439362
439363
439364
439366
439367
439368
439369
439370
439371
439372
439373
439374
439375
439376
439377
439378
439379
439380
439382
439383
439384
439385
439386
439387
439388
439389
439390
439391
439392
439393
439394
439395
439396
439398
439399
439400
439401
439403
439404
439406
439407
439408
439409
439410
439411
439415
439416
439417
439419
439420
439421
439422
439581
439582
439583
439584
439585
439586
439587
439588
439589
439590
439591
439592
439593
439594
439595
439596
439597
439598
439599
439600
439601
439602
439603
439604
439605
439606
439607
439608
439609
439610
439611
439612
439613
439614
439615
439616
439617
439618
439619
439620
439621
439622
439623
439625
439626
439628
439629
439630
439631
439632
439633
439634
439635
439636
439637
439638
439639
439640
439641
439642
439643
439644
439645
439646
439647
439648
439649
439650
439651
439652
439653
439655
439656
439657
439658
439659
439660
439661
439662
439663
439664
439665
439666
439667
439668
439669
439670
439671
439672
439673
439675
439677
439678
439679
439680
439681
439682
439683
439684
439685
439686
439687
439688
439689
439690
439691
439693
439694
439695
439696
439697
439698
439699
439700
439701
439702
439703
439704
439705
439706
439707
439708
439709
439710
439711
439712
439713
439714
439715
439716
439717
439718
439719
439720
439721
439722
439723
439724
439725
439726
439727
439728
439729
439730
439732
439733
439734
439735
439737
439738
439739
439740
439741
439742
439743
439744
439745
439746
439747
439748
439749
439750
439751
439752
439753
439754
439755
439756
439757
439758
439759
439760
439761
439762
439763
439764
439765
439766
439767
439768
439769
439771
439773
439774
439775
439776
439777
439778
439779
439780
439781
439782
439783
439784
439785
439786
439787
439788
439789
439790
439791
439792
439793
439794
439795
439796
439797
439798
439799
439800
439801
439802
439803
439804
439805
439806
439808
439809
439810
439811
439812
439813
439814
439815
439816
439817
439818
439819
439820
439821
439822
439823
439824
439825
439826
439827
439828
439829
439830
439831
439832
439833
439834
439835
439836
439837
439838
439839
439840
439841
439842
439843
439844
439845
439846
439847
439848
439849
439850
439851
439852
439853
439854
439855
439856
439857
439858
439860
439861
439862
439863
439864
439865
439866
439867
439868
439869
439870
439871
439872
439873
439874
439875
439876
439877
439878
439879
439880
439881
439882
439883
439885
439886
439887
439888
439889
439890
439891
440001
440002
440003
440004
440005
440006
440007
440008
440009
440010
440011
440012
440013
440014
440015
440016
440017
440018
440019
440020
440021
440022
440023
440030
440071
440072
440073
440074
440075
440076
440077
440078
440079
440081
440082
440083
440084
440085
440087
440089
440090
440091
440092
440093
440094
440095
440096
440097
440098
440099
440100
440101
440102
440103
440104
440105
440106
440107
440108
440109
440110
440111
440112
440113
440114
440115
440116
440117
440118
440119
440120
440121
440122
440123
440124
440125
440126
440127
440128
440129
440130
440131
440132
440133
440134
440136
440137
440138
440139
440140
440141
440142
440143
440144
440145
440146
440147
440148
440149
440150
440151
440152
440153
440154
440155
440156
440157
440158
440159
440160
440162
440163
440164
440165
440166
440167
440168
440169
440170
440171
440173
440174
440175
440176
440177
440178
440179
440180
440181
440182
440183
440184
440185
440186
440187
440188
440189
440190
440191
440192
440193
440194
440195
440196
440197
440198
440199
440200
440201
440202
440203
440204
440205
440206
440207
440208
440209
440210
440211
440212
440213
440214
440215
440216
440217
440218
440219
440220
440221
440222
440223
440224
440225
440226
440227
440228
440230
440231
440232
440233
440234
440236
440238
440240
440241
440242
440243
440244
440245
440246
440247
440248
440249
440250
440251
440252
440253
440254
440255
440256
440257
440258
440259
440260
440262
440263
440264
440265
440266
440267
440269
440270
440271
440272
440273
440274
440275
440276
440277
440278
440279
440280
440283
440284
440285
440286
440287
440288
440289
440290
440291
440292
440294
440296
440297
440298
440299
440300
440301
440302
440303
440304
440305
440306
440307
440308
440309
440310
440311
440312
440314
440315
440316
440317
440318
440319
440320
440321
440322
440323
440324
440325
440326
440327
440328
440329
440330
440331
440332
440333
440334
440335
440337
440338
440339
440340
440341
440551
440552
440553
440554
440555
440556
440557
440558
440559
440560
440561
440563
440564
440565
440566
440568
440569
440570
440571
440572
440573
440574
440575
440576
440577
440578
440579
440580
440581
440582
440583
440585
440586
440587
440588
440589
440590
440591
440592
440593
440681
440682
440683
440684
440685
440686
440687
440688
440689
440690
440691
440692
440693
440695
440696
440697
440698
440699
440700
440701
440702
440703
440704
440705
440706
440707
440708
440709
440710
440712
440713
440714
440715
440716
440717
440718
440719
440720
440721
440722
440723
440724
440725
440726
440727
440728
440729
440730
440731
440732
440734
440735
440736
440737
440738
440739
440740
440741
440742
440851
440852
440853
440854
440855
440856
440857
440858
440859
440860
440861
440862
440863
440864
440865
440866
440867
440868
440869
440870
440871
440872
440873
440874
440875
440876
440877
440878
440879
440880
440881
440882
440883
440884
440885
440886
440888
440889
440890
440891
440892
440893
440894
440895
440896
440897
441401
441402
441403
441404
441405
441406
441407
441408
441409
441410
441411
441412
441413
441414
441415
441416
441417
441418
441419
441420
441421
441422
441423
441424
441425
441426
441427
441428
441429
441430
441431
441432
441433
441434
441435
441436
441437
441438
441439
441440
441441
441442
441443
441444
441445
441446
441447
441448
441449
441450
441451
441452
441453
441454
441455
441456
441457
441458
441459
441460
441461
441462
441463
441464
441465
441466
441467
441468
441469
441470
441471
441472
441473
441474
441475
441476
441477
441478
441479
441480
441481
441482
441483
441484
441485
441486
441487
441488
441489
441490
441491
441492
441493
441494
441495
441496
441497
441498
441499
441500
441501
441502
441503
441504
441505
441506
441507
441508
441509
441510
441511
441512
441513
441514
441515
441516
441517
441518
441519
441520
441521
441522
441523
441524
441525
441526
441527
441529
441530
441531
441532
441533
441534
441535
441536
441537
441538
441539
441540
441541
441542
441543
441544
441545
441546
441547
441548
441549
441550
441551
441552
441553
441554
441555
441556
441557
441558
441559
441560
441561
441562
441563
441564
441565
441566
441567
441568
441569
441570
441571
441572
441573
441574
441575
441576
441577
441578
441579
441580
441581
441582
441583
441584
441585
441586
441587
441588
441589
441590
441591
441592
441593
441594
441595
441596
441597
441598
441599
441600
441601
441602
441603
441604
441605
441606
441607
441608
441609
441610
441611
441612
441613
441614
441615
441616
441617
441618
441619
441620
441621
441622
441623
441624
441625
441626
441627
441628
441629
441630
441631
441632
441633
441634
441635
441636
441637
441638
441639
441640
441641
441643
441644
441645
441646
441647
441648
441649
441650
441651
441652
441653
441654
441655
441656
441657
441658
441659
441660
441661
441662
441663
441664
441665
441666
441667
441668
441669
441670
441671
441673
441674
441675
441676
441677
441678
441679
441680
441681
441682
441683
441684
441685
441686
441687
441688
441690
441691
441692
441693
441694
441695
441696
441697
441698
441699
441700
441701
441702
441703
441704
441705
441706
441707
441708
441709
441710
441711
441712
441713
441714
441715
441716
441717
441718
441719
441720
441721
441722
441723
441724
441725
441726
441727
441728
441729
441730
441731
441732
441735
441736
441951
441952
441953
441954
441955
441956
441957
441958
441959
441960
441961
441962
441963
441964
441965
441966
441967
441968
441969
441970
441971
441972
441973
441974
441975
441976
441977
441978
441979
441980
441981
441982
441983
441984
441985
441986
441987
441988
441989
441990
441991
441992
441993
441994
441995
441996
441997
441998
441999
442000
442001
442002
442003
442004
442005
442006
442007
442008
442009
442010
442011
442012
442013
442014
442015
442016
442017
442018
442019
442020
442021
442022
442023
442024
442025
442026
442027
442028
442029
442030
442031
442032
442033
442034
442035
442036
442037
442038
442039
442040
442041
442042
442043
442044
442045
442046
442047
442048
442049
442050
442051
442052
442053
442054
442055
442056
442057
442058
442059
442060
442061
442062
442063
442064
442065
442066
442067
442068
442069
442070
442451
442452
442454
442455
442456
442457
442458
442459
442460
442461
442462
442463
442464
442465
442466
442467
442468
442469
442470
442471
442472
442473
442474
442475
442476
442477
442478
442479
442480
442481
442482
442483
442484
442485
442486
442487
442488
442489
442490
442491
442492
442493
442494
442495
442496
442497
442498
442499
442500
442501
442502
442503
442504
442505
442506
442507
442508
442510
442511
442512
442513
442514
442515
442516
442517
442518
442519
442520
442521
442522
442523
442524
442525
442526
442527
442528
442529
442530
442531
442532
442533
442534
442535
442536
442537
442538
442539
442540
442541
442542
442543
442544
442545
442546
442547
442548
442549
442550
442551
442552
442553
442554
442555
442556
442557
442558
442559
442560
442561
442562
442563
442564
442565
442566
442567
442568
442569
442570
442571
442572
442573
442574
442575
442576
442577
442578
442579
442580
442581
442582
442583
442584
442585
442586
442587
442588
442589
442590
442591
442592
442593
442594
442595
442596
442597
442598
442599
442600
442601
442602
442603
442604
442605
442606
442607
442608
442609
442610
442901
442902
442903
442904
442905
442906
442907
442908
442909
442910
442911
442912
442913
442914
442915
442916
442917
442918
442919
442920
442921
442922
442923
442924
442925
442926
442927
442928
442929
442930
442931
442932
442933
442934
442935
442936
442937
442938
442939
442941
442942
442943
442944
442945
442946
442947
442948
442949
442950
442951
442952
442953
442954
442955
442956
442957
442958
442959
442961
442962
442963
442964
442965
442966
442967
442968
442969
442970
442971
442972
442973
442974
442975
442976
442977
442979
442981
442982
442983
442984
442985
442986
442987
442988
442989
442990
442991
442992
442993
442994
442995
442996
442997
442998
442999
443000
443001
443002
443003
443004
443005
443006
443007
443008
443009
443010
443011
443012
443013
443014
443251
443252
443253
443254
443255
443256
443257
443258
443259
443260
443261
443262
443263
443264
443265
443266
443268
443269
443270
443271
443272
443273
443274
443275
443276
443277
443278
443279
443280
443281
443282
443283
443284
443285
443286
443287
443288
443289
443290
443291
443292
443293
443294
443295
443296
443297
443298
443299
443300
443301
443302
443303
443304
443305
443306
443307
443308
443309
443310
443311
443312
443313
443314
443315
443316
443317
443318
443319
443320
443321
443322
443323
443324
443325
443326
443327
443328
443329
443330
443331
443332
443333
443334
443335
443336
443337
443339
443340
443341
443451
443452
443453
443454
443455
443456
443457
443458
443459
443460
443463
443464
443465
443466
443467
443468
443469
443470
443471
443472
443473
443474
443475
443476
443477
443478
443479
443480
443481
443482
443483
443484
443485
443487
443488
443489
443491
443492
443493
443494
443495
443496
443497
443498
443499
443500
443501
443502
443503
443505
443507
443508
443509
443510
443511
443651
443652
443653
443654
443655
443656
443657
443658
443659
443660
443661
443662
443663
443664
443665
443666
443667
443668
443669
443670
443671
443672
443673
443674
443675
443676
443677
443678
443679
443680
443681
443682
443683
443684
443685
443686
443687
443781
443782
443783
443784
443785
443786
443787
443788
443789
443790
443791
443792
443793
443794
443795
443796
443797
443798
443799
443800
443801
443802
443803
443804
443805
443806
443807
443808
443809
443810
443811
443812
443813
443814
443815
443816
443817
443818
443819
443820
443881
443882
443883
443884
443885
443886
443887
443888
443889
443890
443891
443892
443893
443894
443895
443896
443897
443898
443899
443900
443901
443902
443903
443904
443905
443906
443907
443908
443909
443910
443911
443912
443913
443914
443915
443916
443917
443918
443919
443920
443921
443922
443923
443924
443925
443926
443927
443928
443929
443930
443931
443932
443933
443934
443935
443936
443937
443938
443939
443940
443941
443942
443943
443944
443945
443946
443947
443948
443949
443950
444051
444052
444053
444054
444055
444056
444057
444058
444059
444060
444061
444062
444063
444064
444065
444066
444067
444068
444069
444121
444122
444123
444124
444125
444127
444128
444129
444130
444131
444132
444133
444134
444135
444136
444137
444138
444139
444140
444141
444142
444143
444144
444145
444201
444202
444203
444204
444205
444206
444207
444208
444210
444211
444212
444213
444214
444215
444216
444217
444218
444219
444220
444221
444222
444223
444224
444225
444226
444227
444228
444229
444230
444231
444232
444233
444235
444236
444237
444238
444240
444241
444242
444243
444244
444245
444246
444247
444248
444249
444250
444251
444253
444254
444255
444256
444257
444258
444259
444260
444261
444262
444263
444264
444265
444266
444267
444268
444269
444270
444271
444272
444273
444274
444275
444276
444277
444278
444279
444280
444281
444282
444283
444284
444286
444287
444289
444290
444291
444292
444293
444294
444296
444297
444298
444299
444300
444301
444302
444303
444304
444305
444306
444308
444309
444311
444312
444313
444314
444315
444316
444317
444318
444319
444320
444321
444322
444323
444324
444325
444326
444327
444329
444330
444332
444333
444334
444335
444336
444337
444338
444339
444340
444342
444343
444344
444345
444346
444347
444348
444349
444350
444351
444352
444561
444562
444563
444564
444565
444566
444567
444568
444569
444570
444571
444572
444573
444574
444575
444576
444577
444578
444579
444581
444582
444583
444584
444585
444586
444587
444588
444589
444590
444591
444592
444593
444595
444596
444597
444598
444599
444600
444601
444602
444603
444604
444605
444606
444607
444608
444609
444610
444611
444612
444613
444614
444615
444616
444617
444618
444701
444702
444703
444704
444705
444706
444707
444708
444781
444782
444783
444784
444785
444786
444787
444788
444789
444790
444791
444861
444863
444864
444865
444921
444922
444961
444962
444963
444964
444965
444966
444967
444968
444970
444971
444972
444973
444974
444975
444976
444977
444978
444979
444980
444981
445031
445032
445034
445035
445036
445037
445038
445039
445040
445041
445042
445043
445044
445045
445046
445047
445048
445049
445050
445051
445053
445054
445055
445056
445101
445102
445103
445104
445105
445106
445107
445108
445109
445110
445111
445112
445113
445114
445115
445116
445117
445118
445119
445120
445121
445122
445123
445124
445125
445127
445128
445129
445130
445131
445132
445133
445134
445135
445136
445137
445138
445139
445140
445241
445242
445243
445244
445246
445247
445248
445249
445250
445251
445252
445253
445254
445255
445256
445257
445258
445301
445302
445303
445304
445305
445306
445307
445308
445309
445310
445311
445312
445313
445314
445315
445316
445318
445401
445402
445403
445404
445405
445406
445407
445408
445409
445501
445502
445503
445504
445505
445801
445802
445803
445804
445805
445806
445807
445808
445809
445810
445811
445812
445813
445814
445815
445816
445817
445818
445819
445820
445821
445822
445823
445824
445825
445826
445827
445828
445829
445830
445831
445832
445833
445834
445835
445836
445837
445838
445839
445841
445842
445843
445844
445845
445846
445847
445848
445849
445850
445851
445852
445853
445854
445855
445856
445857
445858
445859
445860
445861
445862
445863
445864
445865
445866
445867
445868
445869
445870
445871
445872
445873
445874
445877
445878
445879
445880
445881
445882
445883
445884
445885
445886
445887
445888
445889
445890
445891
445892
445893
445894
445895
445896
445897
445898
445899
445900
445901
445902
445903
445904
445905
445906
445907
445908
445909
445910
445911
445912
445913
445914
445915
445916
445917
445918
445919
445920
445921
445922
445923
445924
445925
445926
445927
445928
445929
445930
445931
445932
445933
445935
445936
445937
445938
445939
445940
445941
445942
445943
445944
445945
445946
445947
445948
445949
445950
445951
445952
445953
445954
445955
445956
445957
445958
445959
445960
445961
445962
445963
445964
445965
445966
445967
445968
445969
445971
445972
445973
445974
445975
445976
445977
445978
445979
445980
445981
445982
445983
445984
445985
445986
445987
445988
445989
446321
446322
446323
446324
446325
446326
446327
446328
446329
446330
446331
446332
446333
446335
446336
446337
446338
446339
446340
446341
446342
446343
446344
446345
446346
446347
446348
446349
446350
446351
446352
446353
446354
446355
446356
446357
446358
446359
446360
446361
446362
446363
446364
446365
446366
446367
446368
446369
446370
446371
446372
446373
446374
446375
446376
446377
446378
446379
446380
446381
446382
446383
446384
446385
446386
446387
446388
446389
446390
446391
446392
446393
446394
446395
446396
446397
446398
446399
446400
446401
446402
446403
446404
446405
446406
446407
446408
446409
446410
446411
446412
446413
446414
446415
446416
446417
446418
446419
446420
446421
446422
446424
446425
446426
446427
446428
446429
446430
446431
446432
446433
446434
446435
446436
446437
446438
446439
446440
446441
446442
446443
446444
446445
446446
446447
446448
446449
446450
446451
446452
446453
446454
446455
446456
446457
446458
446459
446460
446461
446462
446463
446464
446465
446466
446467
446468
446469
446470
446471
446472
446473
446474
446475
446476
446477
446478
446479
446480
446481
446482
446483
446484
446485
446486
446651
446653
446654
446655
446656
446657
446659
446660
446661
446662
446663
446664
446665
446666
446667
446668
446669
446670
446671
446672
446673
446674
446675
446676
446677
446678
446679
446680
446682
446683
446684
446685
446686
446687
446688
446689
446691
446692
446694
446695
446696
446697
446698
446699
446700
446701
446702
446703
446704
446705
446706
446707
446708
446709
446710
446711
446712
446713
446714
446715
446716
446717
446718
446719
446720
446721
446722
446723
446724
446725
446726
446727
446728
446729
446730
446731
446732
446733
446734
446735
446736
446737
446738
446739
446741
446742
446743
446744
446745
446746
446747
446748
446749
446750
446751
446752
446753
446754
446755
446757
446758
446759
446760
446761
446763
446764
446765
446767
446768
446769
446770
446771
446772
446773
446774
446775
446780
446782
446783
446784
447051
447052
447053
447054
447055
447056
447057
447058
447059
447060
447061
447062
447063
447064
447065
447066
447067
447068
447069
447070
447071
447072
447073
447074
447075
447076
447077
447078
447079
447080
447081
447082
447083
447084
447085
447086
447087
447088
447089
447090
447091
447092
447093
447094
447095
447096
447097
447098
447099
447100
447101
447102
447103
447104
447105
447106
447107
447108
447109
447110
447111
447112
447113
447114
447115
447116
447117
447118
447119
447120
447121
447122
447123
447124
447125
447126
447127
447128
447129
447130
447131
447132
447133
447134
447135
447136
447137
447138
447139
447140
447141
447142
447143
447144
447145
447146
447147
447148
447149
447150
447151
447152
447153
447281
447282
447283
447284
447285
447286
447287
447288
447289
447290
447291
447292
447293
447294
447295
447296
447297
447298
447299
447300
447301
447302
447303
447304
447305
447307
447308
447309
447311
447312
447313
447314
447315
447316
447317
447318
447319
447320
447321
447322
447323
447324
447325
447326
447327
447328
447329
447330
447331
447332
447333
447334
447335
447336
447337
447338
447339
447340
447341
447342
447343
447344
447345
447346
447347
447348
447349
447350
447351
447352
447353
447354
447355
447356
447357
447358
447359
447360
447361
447362
447363
447364
447365
447366
447367
447368
447369
447370
447371
447372
447373
447374
447375
447376
447378
447379
447380
447381
447382
447383
447384
447385
447386
447387
447388
447389
447390
447391
447392
447393
447394
447395
447396
447397
447398
447399
447400
447401
447402
447403
447404
447405
447406
447407
447408
447409
447410
447411
447412
447413
447414
447415
447417
447418
447419
447420
447421
447422
447423
447424
447425
447426
447427
447428
447429
447430
447431
447432
447433
447434
447435
447436
447437
447438
447439
447440
447441
447442
447443
447444
447445
447446
447447
447448
447449
447450
447451
447452
447453
447454
447455
447456
447457
447458
447459
447460
447461
447462
447463
447464
447465
447466
447467
447468
447469
447470
447471
447472
447473
447474
447475
447476
447477
447478
447479
447480
447481
447482
447483
447484
447485
447486
447487
447488
447489
447490
447491
447492
447493
447494
447495
447496
447497
447498
447499
447500
447501
447502
447503
447504
447505
447506
447507
447508
447509
447510
447511
447512
447513
447515
447516
447517
447518
447519
447520
447521
447522
447523
447524
447526
447527
447528
447529
447530
447531
447532
447533
447534
447536
447537
447538
447539
447540
447541
447542
447543
447544
447545
447546
447547
447548
447549
447550
447551
447552
447553
447554
447555
447556
447557
447558
447559
447701
447702
447703
447704
447705
447706
447707
447708
447709
447710
447711
447712
447713
447714
447715
447716
447717
447718
447719
447720
447721
447722
447723
447724
447725
447726
447727
447728
447729
447730
447731
447732
447733
447734
447801
447802
447803
447804
447806
447807
447808
447809
447810
447811
447812
447813
447814
447815
447816
447817
447818
447819
447820
447821
447822
447901
447902
447903
447904
447905
447906
447907
447908
447909
447910
447911
447912
447913
447914
447915
447916
447917
447918
447919
447920
447921
447922
447923
447924
447925
447926
447927
447928
447929
447930
447931
447932
447933
447934
447935
447936
447937
447938
447939
447940
447941
447942
447943
447944
447945
447946
447947
447948
447949
447950
447951
447952
447953
447954
447955
447956
447957
447958
447959
447960
447961
447962
447963
447964
447965
447966
447967
447968
447969
447970
447971
447972
447973
447974
448051
448052
448053
448054
448055
448056
448057
448058
448059
448060
448061
448062
448063
448064
448065
448066
448067
448068
448069
448070
448071
448072
448073
448074
448075
448076
448077
448078
448079
448080
448081
448082
448083
448084
448085
448086
448087
448088
448089
448090
448091
448092
448093
448094
448095
448096
448097
448098
448099
448100
448101
448102
448103
448104
448105
448106
448107
448108
448109
448110
448111
448112
448113
448114
448115
448116
448117
448118
448119
448120
448181
448182
448183
448184
448185
448186
448187
448188
448189
448190
448191
448192
448193
448194
448195
448196
448197
448198
448199
448200
448201
448202
448203
448204
448205
448206
448207
448208
448209
448210
448211
448212
448213
448214
448215
448216
448217
448218
448219
448220
448221
448222
448223
448224
448225
448226
448227
448228
448229
448230
448231
448232
448233
448234
448235
448236
448237
448238
448239
448240
448241
448242
448243
448244
448245
448246
448247
448248
448249
448250
448251
448252
448253
448254
448255
448256
448257
448258
448259
448260
448261
448262
448263
448264
448265
448266
448267
448268
448269
448270
448271
448381
448382
448383
448384
448385
448386
448387
448388
448389
448390
448391
448393
448394
448395
448396
448397
448398
448399
448400
448401
448402
448403
448404
448405
448406
448407
448408
448409
448410
448411
448412
448413
448414
448415
448416
448417
448418
448419
448420
448421
448422
448423
448424
448425
448426
448427
448428
448429
448430
448431
448432
448433
448434
448435
448436
448437
448438
448439
448440
448441
448442
448443
448444
448445
448446
448447
448448
448449
448450
448451
448452
448453
448454
448455
448456
448457
448458
448459
448460
448461
448462
448463
448464
448465
448466
448467
448468
448469
448470
448471
448472
448551
448552
448553
448554
448555
448556
448557
448558
448559
448560
448561
448562
448563
448564
448565
448566
448567
448568
448569
448570
448571
448572
448573
448574
448575
448651
448652
448653
448654
448655
448656
448657
448658
448659
448660
448661
448663
448664
448665
448666
448667
448668
448669
448670
448671
448672
448673
448674
448675
448676
448677
448678
448679
448680
448681
448682
448683
448684
448685
448686
448687
448688
448689
448692
448693
448694
448695
448696
448697
448698
448699
448700
448702
448703
448704
448705
448706
448707
448708
448709
448710
448711
448712
448713
448714
448715
448716
448717
448718
448719
448720
448721
448723
448724
448801
448802
448803
448804
448805
448806
448807
448808
448809
448810
448811
448812
448813
448861
448862
448863
448864
448865
448866
448867
448868
448921
448922
448924
448926
448927
448928
448929
448931
448932
448933
448934
448935
448937
448939
448941
448942
448943
448944
448945
448946
448948
448949
448950
448951
448952
448953
448954
448955
448956
448958
448960
448961
448962
448963
448964
448965
448966
448967
448968
448969
448970
448971
448972
448973
448974
448975
448976
448977
448978
448979
448980
448981
448982
448983
448984
448985
449151
449152
449153
449154
449155
449156
449157
449158
449160
449161
449162
449163
449164
449165
449166
449167
449168
449169
449170
449173
449174
449175
449176
449177
449178
449179
449180
449181
449182
449183
449184
449185
449186
449187
449188
449189
449190
449191
449192
449193
449194
449195
449196
449197
449198
449199
449200
449201
449202
449203
449204
449205
449206
449207
449208
449209
449210
449211
449212
449213
449214
449215
449216
449217
449218
449219
449220
449221
449222
449223
449224
449225
449226
449227
449228
449229
449230
449231
449232
449233
449234
449235
449236
449237
449238
449239
449241
449242
449244
449245
449246
449247
449248
449249
449250
449251
449252
449253
449254
449257
449258
449551
449552
449553
449555
449556
449557
449558
449559
449560
449561
449562
449563
449564
449565
449566
449567
449568
449569
449570
449571
449572
449573
449574
449575
449576
449577
449578
449579
449580
449581
449582
449584
449586
449587
449588
449589
449590
449591
449592
449593
449594
449595
449596
449597
449598
449599
449600
449601
449602
449603
449605
449606
449608
449609
449610
449611
449612
449613
449614
449615
449616
449617
449618
449619
449620
449621
449622
449623
449624
449625
449626
449627
449628
449629
449631
449632
449633
449634
449635
449636
449637
449638
449639
449641
449642
449643
449644
449645
449646
449647
449648
449649
449650
449651
449652
449653
449654
449655
449656
449657
449658
449659
449660
449661
449662
449663
449664
449665
449666
449667
449668
449669
449670
449671
449672
449673
449674
449676
449677
449678
449679
449680
449681
449682
449683
449684
449685
449686
449687
449688
449689
449691
449693
449694
449695
449696
449697
449698
449699
449700
449701
449702
449703
449704
449705
449706
449707
449708
449709
449710
449711
449712
449713
449714
449716
449717
449718
449719
449720
449721
449722
449723
449724
449725
449726
449727
449728
449729
449730
449731
449732
449733
449734
449735
449736
449737
449738
449739
449740
449741
449742
449743
449744
449745
449746
449747
449748
449749
449750
449751
449752
449753
449754
449756
449757
449758
449759
449760
449761
449762
449763
449764
449765
449766
449767
449768
449769
449770
449771
449772
449775
449776
449777
449778
449779
449780
449781
449782
449783
449784
449785
449786
449787
449788
449789
449790
449791
449792
449793
449794
449795
449796
449797
449798
449799
449800
449801
449802
449803
449804
449805
449806
449807
449808
449809
449810
449811
449812
449813
449814
449815
449816
449817
449818
449819
449820
449821
449822
449823
449824
449825
449827
449828
449829
449830
449831
449832
449833
449834
449835
449836
449837
449838
449839
449840
449841
449842
449843
449844
449845
449846
449847
449848
449849
449850
449851
449852
449853
449854
449855
449856
449857
449858
449859
449860
449861
449862
449863
449864
449865
449866
449867
449868
449869
449870
449871
449872
449873
449874
449875
449876
449877
449878
449879
449880
449882
449883
449884
449885
449886
449887
449888
449889
449890
449891
449892
449893
449894
449895
449896
449897
449898
449899
449900
449901
449902
449903
449904
449905
449906
449907
449908
449909
449910
449911
449912
449913
449914
449915
449916
449917
449919
449920
449921
449922
449923
449924
449925
449926
449927
449928
449929
449930
449931
449932
449933
449934
449935
449936
449937
449938
449939
449940
449941
449942
449943
449944
449945
449946
449947
449948
449949
449950
449951
449952
449953
449954
449955
449956
449958
449959
449960
449961
449962
449963
449964
449965
449966
449967
449968
449969
449970
449971
449972
449973
449974
449975
449976
449977
449978
449979
449980
449981
449982
449983
449984
449985
449986
449987
449988
449989
449990
449991
449992
449993
449994
449995
449996
449997
449998
449999
450000
450001
450002
450003
450004
450005
450006
450007
450008
450009
450010
450011
450012
450013
450014
450015
450016
450017
450018
450019
450020
450021
450022
450023
450024
450026
450027
450028
450029
450151
450152
450153
450154
450155
450156
450157
450158
450159
450160
450161
450162
450163
450164
450165
450166
450167
450168
450169
450170
450171
450172
450173
450174
450175
450176
450177
450178
450179
450180
450181
450182
450183
450184
450186
450187
450188
450189
450191
450192
450193
450194
450195
450196
450198
450199
450200
450201
450202
450203
450204
450205
450206
450207
450208
450209
450210
450211
450212
450213
450214
450215
450216
450217
450218
450219
450220
450221
450222
450223
450224
450225
450226
450227
450228
450229
450230
450231
450232
450233
450234
450235
450236
450237
450238
450239
450240
450241
450242
450243
450244
450245
450246
450247
450248
450249
450250
450251
450252
450253
450254
450255
450256
450257
450258
450259
450260
450261
450262
450263
450264
450265
450266
450267
450268
450269
450270
450271
450272
450273
450274
450275
450276
450277
450278
450279
450280
450281
450282
450283
450284
450285
450286
450287
450288
450289
450290
450291
450292
450293
450294
450295
450296
450297
450298
450299
450300
450301
450302
450303
450304
450305
450306
450307
450308
450309
450310
450311
450313
450314
450315
450317
450318
450319
450320
450321
450322
450323
450324
450481
450482
450483
450484
450485
450486
450487
450488
450489
450490
450491
450492
450493
450494
450551
450553
450554
450556
450557
450558
450559
450560
450561
450562
450563
450564
450565
450566
450567
450568
450570
450571
450572
450573
450574
450575
450576
450577
450578
450579
450580
450581
450582
450583
450584
450585
450586
450587
450588
450589
450590
450591
450592
450593
450594
450595
450596
450597
450598
450599
450600
450601
450602
450603
450604
450605
450606
450607
450608
450609
450610
450611
450612
450613
450614
450615
450616
450617
450618
450619
450620
450621
450622
450623
450624
450625
450626
450627
450628
450629
450630
450631
450632
450633
450634
450635
450636
450637
450638
450639
450640
450641
450642
450643
450644
450645
450646
450647
450648
450649
450650
450651
450652
450653
450654
450655
450656
450657
450658
450659
450660
450661
450662
450663
450664
450665
450666
450669
450670
450672
450673
450674
450675
450677
450678
450680
450861
450862
450863
450864
450865
450866
450867
450868
450869
450870
450871
450872
450873
450874
450875
450876
450877
450878
450879
450880
450881
450882
450883
450884
450885
450886
450887
450941
450942
450943
450944
450945
450946
450947
450948
450949
450950
450951
450952
450953
450954
450955
450956
450957
450958
450959
450960
450961
450962
450963
450964
450965
450966
450967
450968
450969
450970
450971
450972
450973
450974
450975
450976
450977
450978
450979
450980
450981
450982
450983
450984
450985
450986
450987
450988
450989
450990
450991
450992
450993
450994
450995
450996
450997
450998
450999
451000
451001
451002
451003
451004
451005
451006
451007
451008
451009
451010
451011
451012
451013
451014
451015
451016
451017
451018
451019
451020
451021
451022
451023
451024
451025
451026
451027
451028
451029
451030
451031
451032
451033
451034
451035
451036
451037
451038
451039
451040
451041
451042
451043
451101
451102
451103
451104
451105
451106
451107
451108
451109
451111
451112
451113
451114
451115
451116
451701
451702
451703
451704
451705
451706
451707
451708
451709
451710
451711
451712
451713
451714
451715
451716
451717
451719
451720
451721
451722
451723
451724
451725
451726
451728
451729
451730
451731
451732
451733
451734
451735
451736
451737
451738
451739
451740
451741
451742
451743
451744
451745
451746
451747
451748
451749
451750
451751
451752
451753
451754
451755
451756
451757
451759
451760
451761
451762
451763
451764
451765
451766
451767
451768
451769
451770
451771
451772
451773
451774
451775
451776
451777
451778
451779
451780
451781
451783
451784
451785
451786
451787
451788
451789
451790
451791
451792
451793
451794
451795
451796
451797
451798
451799
451800
451801
451802
451803
451804
451805
451807
451808
451810
451811
451812
451813
451814
451815
451816
451817
451818
451819
451820
451821
451822
451823
451824
451825
451826
451827
451828
451829
451830
451831
451832
451833
451834
451835
451836
451837
451838
451839
451981
451982
451983
451984
451985
451986
451987
451988
451989
451990
451991
451992
451993
451994
451995
451996
451997
451998
451999
452000
452001
452002
452003
452004
452005
452006
452007
452008
452009
452010
452011
452012
452013
452014
452015
452016
452017
452018
452019
452020
452021
452022
452023
452024
452025
452026
452027
452028
452029
452030
452031
452033
452034
452035
452036
452037
452038
452039
452040
452041
452042
452043
452044
452045
452046
452047
452048
452049
452050
452051
452052
452053
452054
452055
452056
452058
452059
452060
452061
452062
452063
452064
452065
452066
452067
452068
452069
452070
452071
452072
452073
452074
452075
452076
452077
452078
452079
452080
452081
452082
452083
452084
452085
452086
452087
452088
452089
452090
452091
452092
452093
452094
452095
452096
452097
452098
452099
452100
452101
452102
452103
452104
452105
452106
452107
452108
452109
452110
452111
452112
452113
452114
452115
452116
452117
452118
452251
452252
452253
452254
452255
452256
452257
452258
452259
452260
452261
452262
452263
452264
452265
452266
452267
452268
452269
452270
452271
452272
452273
452274
452276
452277
452278
452279
452280
452281
452282
452283
452284
452285
452286
452287
452288
452289
452290
452291
452292
452293
452294
452351
452352
452353
452354
452355
452356
452358
452359
452360
452361
452362
452364
452365
452366
452367
452369
452370
452372
452373
452374
452376
452377
452378
452379
452380
452381
452382
452384
452385
452386
452387
452388
452389
452390
452391
452392
452393
452394
452395
452396
452397
452399
452400
452401
452402
452403
452404
452405
452406
452407
452408
452409
452410
452411
452412
452413
452414
452415
452416
452417
452418
452419
452420
452421
452422
452423
452424
452425
452426
452427
452428
452430
452431
452432
452433
452434
452435
452436
452437
452438
452439
452440
452441
452442
452443
452444
452445
452446
452447
452448
452449
452451
452452
452453
452454
452711
452712
452714
452715
452716
452717
452718
452719
452720
452721
452722
452723
452724
452725
452726
452727
452728
452729
452730
452731
452732
452733
452734
452735
452736
452737
452739
452740
452741
452742
452743
452744
452745
452746
452747
452748
452749
452750
452751
452752
452753
452754
452821
452822
452823
452824
452825
452826
452827
452828
452829
452830
452831
452832
452833
452834
452835
452836
452837
452838
452839
452841
452842
452843
452844
452845
452846
452847
452848
452849
452850
452851
452852
452853
452854
452855
452856
452857
452858
452859
452860
452861
452862
452863
452864
452865
452866
452867
452868
452869
452870
452871
452872
452873
452874
452875
452876
452877
452878
452879
452880
452881
452882
452883
452884
452885
452886
452887
452888
452889
452890
452891
452892
453002
453003
453004
453005
453006
453007
453008
453010
453011
453012
453013
453014
453015
453016
453017
453018
453019
453020
453021
453022
453023
453024
453025
453026
453027
453028
453029
453031
453032
453033
453034
453035
453036
453038
453039
453040
453041
453042
453043
453044
453045
453046
453047
453048
453049
453050
453052
453053
453055
453056
453161
453162
453163
453164
453165
453166
453167
453168
453169
453170
453171
453172
453173
453174
453175
453176
453177
453178
453179
453180
453181
453182
453183
453184
453185
453186
453188
453189
453190
453191
453192
453501
453502
453561
453562
453564
453565
453566
453567
453568
453569
453570
453571
453572
453573
453574
453575
453576
453577
453578
453579
453580
453581
453583
453584
453585
453586
453587
453588
453589
453590
453591
453592
453593
453594
453595
453596
453597
453598
453599
453600
453602
453603
453604
453605
453606
453607
453608
453609
453610
453611
453612
453613
453614
453615
453616
453617
453618
453619
453620
453621
453622
453623
453624
453625
453626
453627
453628
453629
453630
453631
453632
453633
453634
453635
453636
453637
453638
453639
453640
453641
453642
453643
453644
453645
453646
453721
453722
453724
453726
453727
453728
453729
453730
453731
453732
453733
453734
453735
453736
453737
453781
453782
453783
453784
453785
453786
453787
453788
453789
453791
453792
453793
453794
453795
453796
453797
453798
453799
453800
453801
453802
453804
453805
453807
453808
453809
453810
453811
453812
453813
453814
453815
453816
453817
453818
453819
453820
453821
453822
453823
453824
453825
453826
453827
453832
453833
453834
453837
453838
453839
453840
453841
453842
453844
453845
453846
453921
453922
453923
453924
453925
453926
453927
453928
453929
453930
453931
453932
453934
453935
453937
453938
453939
453940
453941
453943
453944
453945
453946
453947
453949
453950
453951
453952
453953
453954
453955
453956
453957
453958
453959
453960
454021
454022
454023
454024
454025
454026
454027
454028
454029
454030
454031
454032
454033
454034
454035
454036
454037
454038
454039
454040
454041
454042
454043
454044
454102
454201
454202
454203
454204
454205
454206
454207
454208
454209
454210
454211
454212
454213
454214
454215
454216
454217
454218
454219
454220
454221
454222
454223
454224
454225
454226
454227
454228
454229
454230
454231
454232
454233
454234
454235
454236
454237
454238
454239
454240
454241
454242
454243
454244
454245
454246
454247
454248
454249
454250
454251
454252
454253
454254
454255
454256
454257
454258
454259
454260
454261
454262
454263
454264
454265
454266
454267
454268
454269
454270
454271
454272
454273
454274
454275
454276
454277
454278
454279
454280
454281
454282
454283
454284
454285
454286
454287
454288
454290
454291
454292
454293
454294
454295
454296
454297
454298
454299
454300
454301
454302
454303
454304
454305
454306
454307
454308
454309
454310
454311
454312
454313
454314
454315
454316
454317
454318
454319
454320
454321
454322
454323
454324
454325
454326
454327
454328
454329
454330
454331
454332
454333
454334
454335
454336
454337
454338
454339
454340
454341
454342
454343
454344
454345
454346
454347
454348
454349
454350
454351
454352
454353
454354
454355
454356
454357
454358
454359
454360
454361
454362
454363
454364
454365
454366
454367
454368
454369
454370
454371
454372
454373
454374
454375
454376
454377
454378
454379
454380
454381
454382
454383
454384
454385
454386
454387
454388
454389
454390
454391
454392
454394
454395
454396
454397
454751
454752
454753
454754
454755
454757
454758
454759
454760
454761
454762
454763
454764
454765
454766
454767
454768
454769
454770
454771
454772
454773
454774
454775
454776
454777
454778
454779
454780
454781
454782
454783
454784
454785
454786
454787
454788
454789
454790
454791
454792
454793
454794
454795
454796
454797
454798
454799
454800
454801
454802
454803
454804
454805
454806
454807
454808
454809
454810
454811
454812
454813
454814
454815
454816
454817
454818
454819
454820
454821
454822
454823
454824
454825
454826
454827
454828
454829
454830
454831
454833
454834
454835
454836
454837
454838
454839
454840
454841
454843
454844
454845
454846
454847
454848
454849
454850
454851
454852
454853
454854
454855
454856
454857
454858
454859
454860
454861
454862
454863
454864
454865
454866
454867
454868
454869
454870
454871
454872
454873
454874
454876
454877
454878
454879
454880
454881
454882
454883
454884
454885
454886
454888
454889
454890
454891
454892
454893
454894
454895
454896
454897
454898
454899
454900
454901
454902
454903
454904
454905
454906
454907
454909
454910
454911
454912
454913
454914
454915
454916
454917
454918
454919
454920
454921
454923
454924
454925
454926
454927
454928
454929
454930
454931
454932
454933
454934
454935
454936
454937
454938
454939
454940
454941
454942
454943
454944
454945
454946
454947
454948
454949
454950
454951
454952
454953
454954
454955
454956
454957
454958
454959
454960
454961
454962
454963
454964
454965
454966
454967
454968
454969
454970
454971
454972
454973
454974
454975
454976
454977
454978
454979
454980
454981
454982
454983
454984
454985
454986
454987
454988
454989
454990
454991
454992
454993
454994
454995
454996
454997
454998
454999
455000
455001
455002
455003
455004
455005
455006
455007
455008
455009
455010
455011
455012
455013
455014
455015
455016
455017
455018
455019
455020
455021
455022
455023
455024
455025
455026
455027
455028
455029
455030
455031
455032
455033
455034
455035
455036
455037
455038
455039
455040
455041
455042
455043
455044
455045
455046
455047
455048
455049
455050
455051
455052
455053
455055
455056
455057
455058
455059
455060
455061
455062
455063
455064
455065
455066
455068
455069
455070
455071
455072
455073
455074
455075
455077
455078
455080
455081
455082
455083
455084
455085
455086
455087
455088
455089
455090
455091
455092
455093
455094
455095
455096
455097
455098
455099
455100
455101
455102
455103
455104
455105
455106
455107
455108
455109
455111
455112
455113
455114
455115
455116
455117
455118
455119
455120
455121
455122
455123
455124
455125
455126
455127
455128
455129
455130
455131
455132
455133
455134
455135
455136
455137
455138
455139
455140
455141
455142
455143
455144
455145
455146
455147
455148
455149
455150
455151
455152
455153
455154
455155
455156
455157
455158
455159
455160
455161
455162
455163
455164
455165
455167
455168
455169
455170
455171
455172
455173
455174
455175
455176
455177
455178
455179
455180
455181
455182
455183
455184
455185
455186
455187
455188
455189
455190
455191
455192
455193
455194
455195
455196
455197
455198
455199
455201
455202
455203
455381
455382
455383
455384
455385
455386
455387
455388
455389
455390
455391
455392
455393
455394
455395
455396
455397
455398
455399
455400
455401
455402
455403
455404
455405
455406
455407
455408
455409
455410
455411
455413
455414
455415
455416
455417
455418
455419
455420
455421
455422
455423
455424
455425
455426
455427
455428
455429
455430
455431
455432
455433
455434
455435
455436
455437
455438
455439
455440
455441
455442
455443
455444
455445
455446
455447
455448
455449
455450
455451
455452
455453
455454
455455
455456
455457
455458
455459
455460
455461
455462
455463
455464
455465
455466
455467
455468
455469
455471
455472
455473
455474
455475
455476
455477
455478
455479
455480
455481
455482
455483
455484
455485
455486
455487
455488
455489
455490
455491
455492
455493
455494
455495
455496
455497
455498
455499
455500
455501
455502
455503
455504
455505
455506
455507
455508
455509
455510
455511
455512
455513
455514
455515
455516
455517
455518
455519
455520
455521
455522
455523
455524
455525
455526
455527
455528
455529
455530
455531
455532
455533
455534
455535
455536
455537
455538
455539
455540
455541
455542
455543
455544
455545
455546
455547
455548
455549
455550
455551
455552
455553
455554
455555
455556
455557
455558
455559
455560
455561
455562
455563
455564
455565
455566
455567
455568
455569
455570
455571
455572
455573
455574
455575
455576
455577
455578
455579
455580
455581
455582
455583
455584
455585
455586
455587
455588
455589
455590
455591
455592
455593
455594
455751
455752
455754
455755
455756
455757
455758
455759
455760
455761
455762
455763
455764
455765
455766
455767
455768
455769
455770
455771
455772
455773
455774
455775
455776
455777
455778
455779
455780
455781
455782
455783
455784
455785
455786
455787
455788
455789
455790
455791
455792
455793
455794
455795
455796
455797
455798
455799
455800
455801
455802
455803
455804
455805
455806
455807
455808
455809
455810
455811
455812
455813
455814
455815
455816
455817
455818
455819
455820
455821
455822
455823
455824
455826
455827
455828
455829
455830
455831
455832
455833
455834
455835
455836
455837
455838
455839
455840
455841
455842
455843
455844
455845
455846
455847
455848
455849
455850
455851
455852
455853
455854
455855
455857
455858
455859
455860
455861
455862
455863
455864
455865
455866
455867
455868
455869
455870
455871
455872
455873
455874
455875
455876
455877
455878
455879
455880
455881
455882
455883
455884
455885
455886
455887
455888
455889
455890
455891
455892
455893
455894
455895
455896
455897
455898
455899
455900
455901
455902
455903
455904
455905
455907
455908
456051
456052
456081
456082
456083
456084
456085
456086
456087
456088
456089
456090
456091
456092
456094
456096
456097
456099
456100
456101
456102
456103
456104
456105
456106
456107
456108
456109
456110
456111
456112
456113
456114
456115
456116
456117
456118
456119
456120
456121
456122
456123
456124
456125
456126
456127
456128
456129
456130
456132
456133
456134
456135
456136
456137
456138
456140
456141
456142
456143
456144
456145
456146
456147
456148
456149
456150
456151
456152
456153
456154
456155
456156
456157
456158
456159
456160
456161
456162
456163
456164
456165
456166
456167
456168
456169
456170
456171
456173
456174
456175
456176
456178
456179
456180
456181
456182
456183
456184
456251
456252
456253
456281
456282
456283
456284
456285
456286
456287
456288
456289
456290
456291
456292
456293
456294
456295
456296
456297
456298
456299
456300
456301
456302
456303
456304
456305
456306
456307
456308
456309
456310
456311
456312
456313
456314
456315
456316
456317
456318
456319
456320
456321
456322
456323
456324
456325
456326
456327
456328
456329
456330
456331
456332
456333
456334
456335
456336
456337
456338
456339
456340
456341
456342
456343
456344
456345
456346
456347
456348
456349
456350
456352
456353
456355
456356
456357
456358
456359
456360
456361
456362
456363
456364
456365
456366
456367
456368
456369
456370
456371
456372
456373
456375
456376
456377
456378
456379
456380
456381
456382
456383
456384
456385
456386
456387
456388
456389
456390
456391
456392
456393
456394
456395
456396
456397
456398
456399
456400
456401
456402
456403
456404
456405
456406
456407
456408
456409
456410
456411
456412
456413
456414
456415
456416
456417
456418
456419
456420
456421
456422
456423
456424
456425
456426
456427
456428
456429
456430
456431
456432
456433
456434
456435
456436
456437
456438
456439
456440
456441
456442
456443
456445
456446
456447
456448
456449
456450
456451
456452
456453
456454
456455
456456
456457
456458
456459
456460
456461
456462
456463
456464
456465
456466
456467
456468
456469
456470
456471
456472
456473
456474
456475
456476
456477
456478
456479
456480
456481
456482
456483
456484
456485
456486
456487
456488
456489
456490
456491
456492
456493
456494
456495
456496
456497
456498
456499
456500
456501
456502
456503
456504
456505
456506
456507
456508
456509
456511
456512
456513
456514
456515
456516
456517
456518
456519
456520
456521
456522
456523
456524
456525
456526
456527
456528
456529
456530
456531
456532
456533
456534
456535
456536
456537
456538
456539
456540
456541
456542
456543
456544
456545
456546
456547
456548
456549
456550
456551
456552
456553
456554
456555
456556
456557
456558
456559
456560
456561
456562
456563
456564
456565
456566
456567
456568
456569
456570
456571
456572
456573
456574
456575
456576
456577
456578
456579
456580
456581
456582
456583
456584
456585
456586
456587
456588
456589
456590
456591
456592
456593
456594
456595
456598
456599
456851
456852
456853
456881
456882
456883
456884
456911
456912
456913
456914
456951
456952
456953
456954
456955
456956
456957
456958
456959
456960
456961
456962
456963
456964
456965
456966
456967
456968
456969
456970
456971
456972
456973
456974
456975
456976
456977
456978
456979
456980
456981
456982
456983
456984
456985
456986
456987
456988
456989
456990
456991
456992
456993
456994
456995
456996
456997
456998
456999
457000
457001
457002
457003
457004
457006
457007
457008
457081
457082
457083
457084
457085
457086
457087
457088
457089
457090
457091
457092
457093
457094
457095
457096
457097
457098
457099
457100
457101
457102
457103
457104
457105
457106
457107
457108
457109
457110
457111
457112
457113
457114
457115
457151
457152
457153
457154
457155
457156
457157
457158
457159
457160
457161
457162
457164
457165
457166
457167
457168
457169
457170
457171
457172
457173
457174
457175
457176
457177
457178
457179
457180
457181
457182
457183
457184
457185
457186
457187
457188
457189
457190
457191
457192
457193
457194
457195
457196
457197
457198
457199
457200
457201
457202
457204
457205
457206
457207
457208
457209
457210
457211
457212
457213
457214
457215
457216
457217
457218
457219
457220
457221
457222
457223
457224
457225
457226
457227
457228
457229
457230
457231
457232
457233
457235
457237
457238
457240
457241
457681
457682
457684
457685
457686
457687
457688
457689
457690
457691
457692
457693
457694
457695
457696
457697
457698
457700
457701
457702
457703
457704
457705
457706
457707
457708
457709
457710
457711
457712
457713
457714
457715
457716
457717
457718
457719
457720
457721
457722
457723
457724
457725
457726
457727
457728
457729
457730
457732
457733
457734
457735
457736
457737
457738
457739
457740
457741
457742
457743
457744
457745
457746
457747
457748
457749
457750
457751
457752
457753
457754
457755
457756
457758
457759
457760
457761
457762
457763
457764
457765
457766
457767
457768
457769
457770
457771
457772
457773
457774
457775
457776
457777
457778
457779
457780
457781
457782
457783
457784
457785
457787
457789
458101
458102
458103
458104
458105
458106
458107
458108
458109
458110
458111
458112
458113
458114
458115
458116
458117
458118
458119
458120
458121
458122
458123
458124
458125
458126
458127
458128
458129
458130
458131
458132
458133
458134
458135
458136
458137
458138
458139
458140
458141
458142
458143
458144
458145
458146
458148
458149
458150
458151
458152
458153
458154
458155
458156
458157
458158
458159
458160
458161
458251
458252
458253
458254
458255
458256
458257
458258
458259
458260
458301
458302
458303
458304
458305
458306
458307
458308
458309
458310
458311
458312
458313
458314
458315
458316
458317
458318
458319
458320
458321
458322
458323
458324
458325
458326
458327
458328
458329
458330
458331
458332
458333
458334
458335
458336
458337
458338
458339
458340
458341
458342
458343
458344
458345
458346
458347
458348
458350
458351
458352
458353
458354
458355
458356
458357
458358
458359
458360
458361
458362
458363
458364
458365
458366
458367
458368
458369
458370
458371
458372
458373
458374
458375
458376
458377
458378
458379
458380
458381
458382
458383
458384
458385
458386
458387
458388
458389
458390
458391
458392
458393
458394
458395
458396
458397
458399
458400
458401
458402
458403
458404
458405
458406
458407
458408
458409
458411
458412
458413
458414
458415
458416
458417
458418
458419
458420
458421
458423
458424
458425
458426
458481
458482
458483
458484
458485
458486
458487
458488
458489
458490
458491
458492
458493
458494
458495
458496
458497
458498
458541
458542
458543
458544
458545
458546
458621
458622
458623
458624
458625
458626
458627
458628
458629
458630
458631
458632
458633
458634
458681
458682
458683
458684
458685
458686
458687
458688
458689
458690
458691
458692
458693
458694
458695
458696
458697
458698
458699
458700
458701
458702
458703
458704
458705
458706
458707
458708
458761
458762
458763
458764
458765
458766
458767
458768
458769
458771
458772
458773
458774
458775
458776
458777
458778
458779
458780
458821
458822
458823
458824
458825
458826
458861
458862
458863
458864
458865
458866
458867
458868
458869
458870
458871
458872
458931
458932
458933
458934
458935
458936
458937
458938
458939
458940
458941
458942
458943
458944
458945
458946
458947
458948
458949
458950
458951
458952
458953
458954
458955
458956
458957
458958
458959
458960
458961
458962
458963
458964
458965
458966
458967
458968
458969
458970
458971
458972
458973
458974
458975
458976
458977
458978
458979
458980
458981
458982
458983
458984
458985
458986
458987
458988
458989
458990
458991
458992
458993
458994
458995
458996
458997
458998
458999
459000
459001
459002
459003
459004
459005
459006
459007
459008
459009
459010
459012
459013
459014
459015
459016
459017
459018
459019
459020
459021
459022
459023
459024
459025
459026
459027
459028
459029
459030
459031
459032
459033
459034
459035
459036
459037
459038
459039
459040
459041
459042
459043
459044
459045
459046
459047
459048
459049
459050
459051
459052
459053
459054
459055
459056
459057
459058
459059
459060
459061
459062
459063
459064
459065
459066
459067
459068
459069
459070
459071
459073
459074
459075
459076
459077
459078
459079
459080
459082
459083
459084
459085
459086
459090
459091
459151
459152
459153
459154
459155
459156
459157
459158
459159
459160
459161
459162
459163
459164
459165
459166
459167
459168
459169
459170
459171
459173
459174
459221
459222
459223
459224
459225
459226
459227
459228
459229
459230
459281
459282
459283
459284
459285
459286
459287
459801
459802
459803
459804
459805
459806
459807
459808
459809
459810
459811
459812
459813
459814
459815
459816
459817
459818
459819
459820
459821
459822
459823
459824
459825
459826
459827
459828
459829
459830
459831
459832
459833
459834
459835
459836
459837
459838
459839
459840
459841
459842
459843
459844
459845
459846
459847
459848
459849
459850
459851
459852
459853
459854
459855
459857
459858
459859
459860
459861
459862
459863
459864
459865
459866
459867
459870
459871
459872
459873
459874
459875
459876
459877
459878
459879
459880
459881
459882
459883
459884
459885
459886
459887
459888
459889
459891
459892
459893
459895
459896
459897
459898
459900
459901
459902
459903
459904
459905
459906
459907
459908
459909
459910
459911
459912
459913
459914
459917
459918
459919
459920
459921
459922
459923
459924
459925
459926
459927
459928
459929
459930
459931
459932
459933
459934
459935
459936
459937
459938
459939
459940
459941
459942
459944
459945
459946
459947
459948
459949
459950
459952
459953
459954
459955
459956
459957
459958
459959
459960
459961
459963
459964
459965
459966
459968
459969
459970
459971
459972
459973
459974
459975
459976
459977
459978
459979
459980
459981
459982
459983
459984
459985
459986
459987
459988
459989
459990
459991
459992
459993
459994
459995
459996
459997
459999
460000
460001
460002
460003
460004
460005
460006
460007
460008
460009
460010
460011
460012
460013
460014
460015
460017
460018
460019
460020
460021
460022
460023
460024
460025
460026
460027
460028
460029
460030
460031
460032
460033
460034
460035
460036
460037
460038
460039
460040
460041
460042
460043
460044
460045
460046
460047
460048
460049
460051
460053
460054
460055
460056
460057
460058
460059
460060
460062
460063
460064
460065
460066
460067
460068
460069
460070
460071
460072
460073
460074
460075
460076
460077
460078
460079
460080
460081
460082
460083
460084
460085
460086
460087
460088
460089
460090
460091
460092
460093
460094
460095
460096
460097
460098
460099
460100
460101
460102
460103
460104
460105
460106
460107
460108
460109
460110
460421
460422
460423
460424
460425
460426
460427
460428
460429
460430
460431
460432
460433
460434
460435
460436
460437
460438
460439
460440
460441
460442
460443
460444
460445
460446
460447
460448
460449
460450
460451
460452
460453
460454
460455
460456
460457
460458
460459
460460
460461
460462
460463
460464
460465
460466
460467
460468
460469
460470
460471
460472
460473
460474
460475
460476
460477
460478
460479
460480
460481
460482
460483
460484
460485
460486
460487
460488
460489
460490
460491
460492
460493
460494
460495
460496
460497
460498
460499
460500
460501
460502
460503
460504
460505
460506
460507
460508
460509
460510
460511
460512
460513
460514
460515
460516
460517
460518
460519
460520
460521
460522
460523
460524
460525
460526
460527
460528
460529
460530
460531
460532
460533
460534
460535
460536
460537
460538
460539
460540
460541
460542
460543
460544
460545
460546
460547
460548
460549
460550
460551
460552
460553
460554
460555
460556
460557
460558
460559
460560
460561
460562
460563
460564
460565
460566
460567
460568
460569
460570
460571
460572
460573
460574
460575
460576
460577
460578
460579
460580
460581
460582
460583
460584
460585
460586
460587
460588
460589
460590
460591
460592
460593
460594
460595
460596
460597
460598
460599
460600
460601
460602
460603
460604
460605
460606
460607
460608
460609
460610
460611
460612
460613
460614
460615
460616
460617
460618
460619
460620
460621
460622
460623
460624
460625
460626
460627
460628
460629
460630
460631
460632
460633
460634
460635
460636
460637
460638
460639
460640
460641
460642
460643
460644
460645
460646
460647
460648
460649
460650
460651
460652
460653
460654
460655
460656
460657
460658
460659
460660
460661
460662
460663
460664
460665
460666
460667
460668
460669
460670
460671
460672
460673
460674
460675
460676
460677
460678
460679
460680
460681
460682
460683
460684
460685
460686
460687
460688
460689
460690
460691
460692
460693
460694
460695
460696
460697
460698
460699
460700
460701
460702
460703
460704
460705
460706
460707
460708
460709
460710
460711
460712
460713
460714
460715
460716
460717
460718
460719
460720
460721
460722
460723
460724
460725
460726
460727
460728
460729
460730
460731
460732
460733
460901
460902
460903
460904
460905
460906
460907
460908
460909
460910
460911
460912
460913
460914
460915
460916
460917
460918
460919
460920
460921
460922
460923
460924
460925
460926
460927
460928
460929
460930
460931
460932
460933
460934
460935
460936
460937
460938
460939
460940
460941
460942
460943
460944
460945
460946
461031
461032
461033
461034
461035
461036
461037
461038
461039
461040
461041
461042
461043
461044
461045
461046
461047
461048
461049
461050
461051
461052
461053
461054
461055
461056
461057
461058
461059
461060
461101
461102
461103
461104
461106
461107
461108
461109
461110
461111
461112
461113
461114
461115
461116
461118
461119
461120
461121
461122
461123
461124
461125
461126
461127
461128
461129
461130
461131
461132
461133
461134
461135
461136
461137
461138
461139
461140
461141
461142
461143
461144
461145
461146
461147
461148
461149
461150
461151
461152
461153
461154
461155
461156
461157
461158
461159
461160
461161
461162
461163
461165
461166
461167
461168
461169
461170
461171
461172
461173
461174
461175
461176
461177
461178
461180
461181
461182
461183
461184
461185
461186
461187
461188
461189
461190
461191
461192
461193
461194
461195
461196
461197
461198
461199
461200
461201
461202
461203
461204
461205
461206
461207
461209
461210
461211
461212
461213
461214
461215
461216
461217
461218
461219
461220
461221
461222
461223
461224
461227
461228
461229
461230
461231
461232
461233
461234
461235
461236
461237
461238
461239
461241
461242
461243
461244
461245
461246
461247
461248
461249
461250
461251
461252
461253
461254
461255
461256
461257
461258
461259
461260
461261
461262
461263
461264
461265
461266
461268
461269
461270
461271
461272
461273
461274
461275
461276
461277
461278
461280
461281
461282
461283
461284
461285
461286
461287
461288
461289
461290
461291
461292
461293
461294
461295
461296
461297
461298
461299
461300
461301
461302
461303
461304
461305
461306
461307
461309
461562
461563
461564
461565
461566
461567
461568
461569
461602
461603
461605
461606
461607
461608
461609
461610
461641
461643
461644
461681
461682
461683
461684
461687
461688
461689
461690
461692
461693
461694
461695
461696
461697
461698
461699
461700
461701
461702
461703
461704
461705
461706
461707
461708
461709
461710
461711
461712
461713
461714
461715
461716
461717
461718
461719
461720
461721
461722
461723
461724
461725
461726
461727
461728
461729
461730
461731
461732
461733
461734
461735
461736
461737
461738
461740
461741
461742
461743
461744
461745
461746
461747
461748
461749
461750
461751
461752
461753
461754
461755
461756
461757
461758
461759
461760
461761
461762
461763
461764
461765
461766
461767
461768
461769
461770
461771
461772
461941
461942
461943
461944
461945
461946
461947
461948
461949
461950
461951
461952
461953
461954
461955
461956
461957
461958
461959
461960
461961
461962
461963
461964
461965
461966
461967
461968
461969
461970
461971
461972
461973
461974
461975
461976
461977
461978
461979
461980
461981
461982
461983
461984
461985
461987
461988
461989
461990
461991
461992
461993
461994
461995
461996
461997
461998
461999
462000
462001
462002
462003
462004
462005
462007
462008
462009
462010
462011
462012
462013
462014
462015
462016
462151
462152
462153
462154
462191
462192
462194
462195
462196
462701
462702
462703
462704
462705
462706
462707
462708
462709
462710
462711
462712
462713
462714
462715
462716
462717
462718
462719
462720
462721
462722
462723
462724
462726
462727
462728
462729
462730
462731
462732
462733
462734
462735
462736
462737
462738
462739
462740
462741
462742
462743
462744
462745
462746
462747
462748
462749
462750
462751
462752
462753
462754
462755
462756
462757
462758
462759
462760
462761
462762
462763
462764
462765
462766
462767
462769
462770
462771
462772
462773
462774
462775
462776
462777
462778
462779
462780
462781
462782
462783
462784
462785
462786
462787
462788
462789
462790
462791
462792
462793
462794
462795
462796
462797
462798
462799
462800
462801
462802
462803
462804
462805
462806
462807
462808
462809
462810
462811
462812
462813
462814
462815
462816
462817
462818
462819
462820
462821
462822
462823
462824
462825
462826
462827
462828
462829
462830
462831
462832
462833
462834
462835
462836
462837
462838
462839
463003
463004
463006
463007
463008
463010
463011
463012
463013
463014
463015
463016
463017
463019
463020
463021
463022
463023
463024
463025
463026
463027
463028
463029
463030
463031
463032
463033
463034
463035
463036
463037
463038
463039
463040
463041
463042
463043
463044
463045
463046
463047
463048
463049
463050
463051
463052
463053
463054
463055
463056
463057
463058
463059
463060
463061
463062
463064
463065
463066
463067
463068
463069
463070
463071
463072
463073
463074
463076
463077
463078
463079
463080
463081
463082
463083
463084
463085
463086
463087
463088
463089
463090
463091
463092
463093
463094
463095
463096
463097
463098
463099
463100
463101
463104
463107
463108
463109
463110
463111
463112
463113
463114
463115
463116
463117
463118
463119
463120
463121
463122
463123
463124
463125
463126
463127
463128
463129
463130
463131
463132
463133
463134
463135
463136
463137
463138
463139
463140
463141
463142
463143
463144
463145
463146
463147
463148
463149
463150
463151
463152
463153
463154
463155
463156
463158
463159
463160
463161
463162
463163
463164
463165
463166
463167
463168
463169
463170
463171
463172
463173
463174
463175
463176
463177
463178
463179
463180
463181
463182
463183
463184
463185
463186
463187
463189
463190
463191
463192
463193
463195
463196
463197
463198
463199
463200
463201
463202
463203
463204
463205
463206
463207
463209
463210
463211
463212
463213
463214
463215
463216
463217
463218
463219
463220
463221
463222
463223
463224
463225
463226
463227
463228
463229
463230
463231
463232
463233
463234
463235
463236
463237
463239
463240
463241
463242
463243
463244
463245
463246
463247
463248
463249
463250
463251
463252
463254
463255
463256
463257
463258
463259
463260
463261
463263
463264
463265
463266
463267
463268
463269
463270
463271
463272
463274
463276
463277
463278
463279
463280
463281
463282
463283
463284
463285
463286
463287
463288
463289
463290
463291
463292
463293
463294
463295
463296
463297
463298
463299
463300
463301
463302
463303
463304
463306
463308
463309
463310
463311
463312
463313
463314
463316
463317
463318
463319
463320
463322
463323
463324
463326
463327
463328
463330
463332
463333
463334
463335
463336
463337
463339
463340
463341
463342
463343
463344
463345
463346
463347
463348
463349
463350
463351
463354
463355
463356
463357
463358
463359
463360
463361
463362
463363
463364
463365
463366
463367
463368
463369
463370
463371
463372
463373
463374
463375
463376
463377
463378
463379
463380
463381
463382
463383
463384
463385
463387
463388
463390
463392
463393
463394
463395
463396
463397
463399
463581
463582
463583
463584
463585
463586
463587
463590
463591
463592
463593
463594
463595
463596
463597
463599
463600
463601
463602
463603
463604
463605
463606
463607
463608
463609
463610
463611
463613
463615
463616
463617
463618
463619
463620
463621
463622
463623
463624
463625
463626
463627
463628
463630
463631
463632
463633
463634
463636
463637
463638
463639
463640
463641
463642
463643
463644
463645
463646
463648
463649
463650
463651
463652
463653
463654
463655
463656
463658
463659
463661
463662
463663
463664
463665
463666
463667
463668
463669
463671
463672
463673
463674
463675
463676
463677
463678
463680
463681
463682
463683
463684
463685
463686
463687
463688
463689
463690
463691
463692
463693
463694
463695
463696
463697
463698
463699
463700
463701
463702
463703
463704
463706
463707
463709
463710
463711
463714
463715
463716
463717
463718
463721
463725
463727
463728
463729
463730
463731
463732
463735
463736
463738
463739
463740
463741
463743
463744
463745
463746
463747
463749
463751
463752
463754
463755
463757
463758
463759
463760
463761
463762
463763
463764
463766
463767
463768
463770
463771
463772
463773
463774
463775
463777
463779
463780
463781
463783
463784
463785
463786
463787
463788
463789
463791
463792
463794
463795
463796
463797
463798
463799
463800
463801
463802
463803
463804
463805
463806
463807
463808
463809
463810
463811
463812
463813
463814
463815
463816
463817
463818
463819
463820
463821
463823
463825
463826
463828
463829
463830
463831
463834
463835
463836
463838
463839
463840
463841
463842
463843
463844
463845
463846
463848
463849
463850
463851
463852
463853
463858
463859
463860
463861
463862
463863
463864
463865
463866
463867
463868
463869
463870
463871
463872
463874
463875
463876
463877
463878
463879
463880
463881
463882
463884
463885
463886
463887
463888
463889
463891
463893
463895
463896
463899
463900
463901
463902
463904
463906
463907
463908
463909
463910
463912
463913
463915
463916
463917
463919
463920
463922
463924
463925
464061
464062
464063
464064
464065
464066
464067
464068
464069
464070
464071
464073
464075
464076
464077
464078
464079
464080
464081
464082
464083
464084
464086
464087
464171
464172
464173
464174
464175
464176
464177
464178
464179
464180
464181
464182
464183
464184
464185
464186
464187
464189
464190
464191
464192
464193
464194
464195
464196
464197
464198
464199
464200
464201
464261
464263
464264
464266
464267
464268
464269
464270
464271
464273
464274
464275
464276
464277
464278
464279
464280
464281
464282
464283
464284
464286
464287
464288
464290
464291
464292
464294
464300
464301
464302
464303
464304
464305
464307
464308
464311
464313
464315
464316
464317
464318
464401
464402
464403
464404
464405
464406
464407
464408
464409
464410
464411
464412
464413
464414
464415
464416
464417
464418
464419
464420
464421
464422
464423
464425
464426
464427
464428
464429
464430
464431
464432
464433
464434
464435
464436
464437
464438
464439
464440
464441
464442
464443
464501
464503
464504
464505
464506
464507
464508
464509
464510
464511
464513
464514
464515
464516
464517
464518
464519
464520
464521
464522
464523
464524
464581
464582
464583
464584
464585
464586
464587
464588
464589
464591
464592
464593
464594
464595
464641
464642
464643
464644
464645
464646
464647
464648
464649
464650
464651
464652
464653
464654
464655
464656
464657
464658
464659
464660
464661
464662
464663
464664
464665
464666
464667
464668
464670
464671
464721
464723
464781
464782
464783
464784
464785
464831
464832
464833
464834
464835
464836
464837
464838
464839
464840
464841
464842
464921
464923
464924
464925
464926
464928
464930
464932
464934
464937
464939
464940
464941
464943
464944
464947
464948
464950
464951
464953
464954
464955
464957
464958
464959
464960
464961
465031
465032
465033
465034
465035
465036
465037
465038
465039
465040
465041
465042
465044
465045
465046
465047
465049
465050
465051
465052
465053
465054
465055
465056
465057
465058
465059
465060
465061
465062
465122
465123
465124
465125
465126
465127
465128
465171
465172
465173
465174
465175
465176
465177
465178
465179
465180
465181
465183
465184
465185
465186
465187
465188
465189
465190
465191
465192
465193
465194
465195
465242
465243
465246
465248
465250
465253
465255
465256
465258
465259
465260
465261
465267
465269
465271
465272
465273
465274
465277
465278
465279
465280
465281
465282
465284
465285
465286
465287
465289
465291
465294
465297
465300
465301
465303
465304
465381
465382
465383
465384
465385
465386
465441
465442
465443
465444
465445
465446
465447
465448
465449
465450
465451
465452
465453
465455
465456
465457
465458
465459
465460
465461
465462
465463
465464
465465
465466
465467
465468
465470
465471
465472
465473
465474
465475
465476
465477
465478
465479
465480
465481
465482
465483
465661
465662
465663
465664
465665
465666
465667
465670
465671
465672
465673
465674
465675
465676
465677
465678
465679
465680
465681
465682
465683
465684
465685
465686
465687
465688
465689
465690
465691
465692
465693
465694
465695
465696
465697
465698
465699
465700
465701
465702
465703
465901
465902
466202
466203
466204
466205
466206
466207
466208
466209
466210
466211
466212
466213
466214
466215
466216
466217
466218
466219
466220
466222
466223
466225
466226
466228
466229
466230
466232
466233
466234
466235
466236
466237
466238
466239
466240
466241
466242
466243
466244
466245
466246
466247
466248
466249
466250
466252
466254
466255
466256
466257
466258
466259
466260
466261
466262
466263
466264
466265
466266
466267
466268
466269
466270
466271
466272
466273
466274
466275
466276
466277
466278
466279
466280
466281
466282
466283
466284
466286
466287
466288
466289
466290
466291
466292
466293
466294
466295
466296
466297
466299
466300
466301
466302
466304
466305
466306
466307
466308
466309
466312
466313
466681
466682
466683
466684
466685
466686
466687
466688
466691
466692
466693
466694
466695
466696
466697
466698
466699
466701
466702
466703
466704
466710
466712
466713
466714
466715
466716
466717
466718
466719
466721
466722
466723
466724
466725
466726
466727
466728
466730
466731
466733
466734
466736
466737
466738
466740
466741
466742
466743
466744
466745
466747
466748
466749
466750
466751
466752
466753
466754
466755
466756
466851
466852
466853
466854
466855
466856
466857
466858
466860
466862
466863
466865
466866
466867
466868
466869
466870
466871
466872
466873
466874
466875
466876
466877
466878
466879
466880
466881
466882
466883
466886
466887
466888
466889
466891
466892
466893
466894
466895
466896
466897
466898
466899
466900
466901
466904
466905
466906
466907
466908
466909
466910
466911
466912
466913
466914
466915
466916
466917
466918
466919
466921
466922
466923
466925
466926
466927
466928
466929
466931
466932
466933
466934
466935
466936
466937
466938
466939
466940
466941
466943
466944
466945
466946
466948
466949
466950
466951
466953
466954
466955
466956
466957
466959
466960
466961
466962
466963
466964
466965
466966
466968
466969
466972
466973
466974
466975
466976
466977
466979
466980
466982
466983
466985
466986
466989
466990
466991
466992
466993
466995
466998
466999
467000
467001
467002
467004
467005
467006
467007
467008
467009
467010
467011
467013
467014
467015
467016
467017
467018
467019
467020
467021
467022
467023
467024
467025
467028
467029
467030
467031
467032
467033
467034
467035
467036
467038
467039
467041
467451
467452
467453
467454
467455
467456
467457
467458
467459
467460
467461
467462
467501
467503
467504
467506
467507
467508
467509
467510
467511
467512
467513
467514
467515
467516
467517
467518
467519
467520
467521
467522
467523
467524
467525
467526
467527
467528
467529
467530
467531
467532
467533
467534
467535
467536
467537
467538
467539
467540
467541
467542
467543
467544
467545
467546
467547
467548
467549
467550
467551
467552
467553
467554
467555
467556
467557
467558
467559
467560
467561
467562
467563
467564
467565
467566
467567
467568
467569
467570
467571
467572
467573
467574
467575
467576
467577
467578
467579
467580
467581
467582
467583
467584
467585
467586
467587
467588
467589
467590
467591
467592
467593
467594
467595
467596
467597
467661
467662
467663
467664
467665
467667
467668
467669
467670
467671
467672
467673
467674
467675
467676
467677
467678
467679
467680
467681
467682
467683
467684
467685
467686
467687
467688
467689
467690
467691
467692
467693
467694
467695
467696
467697
467699
467700
467701
467702
467703
467704
467705
467706
467707
467708
467709
467710
467711
467712
467713
467714
467781
467782
467783
467784
467785
467786
467787
467788
467789
467790
467791
467792
467793
467794
467795
467796
467797
467798
467799
467800
467802
467803
467804
467805
467806
467807
467808
467809
467810
467811
467812
467813
467814
467815
467816
467817
467818
467819
467820
467821
467822
467823
467824
467825
467826
467827
467828
467829
467830
467831
467832
467833
467834
467835
467836
467837
467838
467839
467840
467841
467842
467843
467844
467845
467846
467848
467849
467850
467851
467852
467853
467854
467855
467856
467857
467858
467859
467860
467861
467862
467863
467865
467866
467867
467868
467869
467870
467871
467872
467873
467874
467875
467876
467877
467878
467879
467880
467881
467882
467883
467884
467885
467886
467887
467888
467889
467890
467891
467892
467894
468001
468002
468003
468004
468005
468006
468007
468009
468010
468011
468012
468013
468014
468015
468016
468017
468018
468019
468020
468021
468022
468023
468024
468025
468027
468028
468029
468030
468031
468032
468033
468034
468035
468036
468037
468038
468039
468040
468041
468042
468043
468044
468045
468046
468047
468048
468049
468050
468051
468052
468053
468054
468055
468056
468057
468058
468059
468060
468061
468062
468063
468064
468065
468066
468067
468068
468069
468070
468071
468072
468073
468074
468075
468076
468077
468078
468079
468080
468081
468082
468083
468084
468085
468086
468087
468089
468090
468091
468092
468093
468094
468095
468096
468097
468098
468099
468100
468101
468102
468103
468104
468105
468106
468107
468108
468109
468110
468111
468112
468113
468114
468115
468116
468117
468118
468119
468120
468121
468122
468123
468124
468125
468126
468127
468128
468129
468130
468131
468132
468133
468134
468135
468136
468137
468138
468139
468140
468141
468142
468143
468144
468145
468146
468147
468148
468149
468150
468151
468152
468153
468154
468155
468156
468157
468158
468159
468160
468161
468162
468281
468283
468284
468285
468286
468287
468288
468289
468290
468291
468292
468293
468294
468295
468296
468297
468299
468300
468301
468302
468303
468304
468305
468306
468307
468308
468309
468311
468313
468314
468315
468316
468317
468318
468319
468321
468322
468323
468324
468325
468326
468328
468329
468330
468331
468332
468333
468334
468335
468336
468337
468338
468340
468342
468344
468345
468347
468348
468349
468350
468351
468352
468353
468354
468355
468356
468357
468358
468359
468360
468361
468362
468363
468364
468365
468366
468367
468368
468369
468370
468371
468372
468373
468374
468375
468376
468377
468378
468379
468380
468381
468382
468383
468384
468385
468386
468388
468391
468392
468393
468394
468501
468502
468503
468504
468505
468506
468507
468508
468509
468551
468552
468555
468556
468557
468558
468559
468560
468561
468562
468563
468564
468565
468566
468567
468568
468569
468570
468571
468572
468573
468574
468575
468576
468577
468578
468579
468580
468581
468582
468583
468584
468585
468586
468587
468588
468589
468590
468721
468722
468723
468724
468725
468726
468727
468728
468729
468730
468731
468732
468733
468734
468735
468736
468737
468738
468739
468740
468741
468742
468743
468744
468745
468746
468747
468748
468750
468751
468752
468753
468754
468755
468756
468757
468758
468759
468761
468762
468763
468765
468766
468767
468769
468770
468771
468772
468773
468775
468776
468777
468778
468779
468780
468781
468782
468783
468784
468785
468786
468787
468788
468789
468790
468791
468793
468796
468797
468798
468799
468800
468801
468802
468803
468804
468805
468806
468807
468808
468809
468810
468811
468812
468813
468814
468815
468816
468817
468818
468819
468820
468821
468822
468823
468824
468825
468826
468828
468829
468830
468832
468833
468834
468835
468836
468837
468838
468839
468840
468841
468842
468843
468844
468845
468846
468847
468848
468849
468850
468851
468852
468853
468854
468855
468856
468857
468858
468859
468860
468861
468862
468863
468864
468865
468866
468867
468868
468869
468870
468871
468872
468873
468874
468875
468876
468877
468878
468879
468880
468881
468882
468883
468884
468885
468886
468887
468888
468889
468890
468891
468892
468893
468894
468895
468896
468897
468898
468899
468900
468901
468902
468903
468904
468905
468906
468907
468908
468909
468910
468911
468912
468913
468914
468915
468916
468917
468918
468919
468920
468921
468922
468923
468924
468925
468926
468927
468928
468929
468930
468931
468932
468933
468934
468935
468936
468938
468939
468940
468941
468942
468943
468944
468945
468947
468948
468949
468950
468951
468952
468953
468954
468955
468956
468957
468958
468959
468960
468961
468962
468963
468965
468966
468967
468968
468970
468971
468973
468974
468975
468977
468978
468979
468980
468981
468982
468983
468984
468985
468986
468988
468990
468991
468992
468993
468994
468996
468997
469151
469152
469153
469154
469155
469156
469157
469158
469159
469160
469161
469162
469163
469164
469165
469167
469168
469169
469170
469171
469172
469173
469174
469175
469176
469177
469178
469179
469180
469181
469182
469183
469184
469185
469186
469187
469189
469190
469191
469192
469193
469194
469195
469196
469197
469198
469199
469200
469801
469802
469803
469804
469805
469806
469807
469808
469809
469811
469812
469813
469814
469815
469816
469817
469818
469819
469820
469821
469822
469823
469824
469825
469826
469827
469828
469829
469830
469831
469832
469833
469834
469835
469836
469837
469838
469839
469840
469841
469842
469844
469845
469846
469847
469848
469849
469850
469851
469852
469853
469854
469855
469856
469857
469858
469859
469860
469861
469862
469863
469864
469865
469866
469867
469868
469869
469870
469871
469872
469873
469874
469875
469876
469878
469880
469881
469882
469883
469885
469886
469887
469888
469889
469890
469891
469892
469894
469895
469896
469897
469898
469899
469900
469901
469902
469903
469904
469905
469906
469907
469908
469909
469910
469911
469912
469913
469914
469915
469916
469917
469918
469919
469920
469921
469922
469923
469924
469925
469926
469927
469929
469930
469931
469932
469933
469935
469936
469938
469939
469941
469942
469943
469944
469945
469946
469947
469948
469949
469950
469951
469952
469954
469956
469957
469958
469959
469960
469961
469962
469963
469964
469965
469966
469967
469968
469969
469970
469971
469972
469973
469974
469975
469977
469978
469979
469980
469981
469982
469983
469984
469985
469986
469987
469988
469989
469990
469991
469992
469993
469994
469995
469996
469997
469999
470000
470001
470002
470003
470004
470005
470006
470007
470008
470009
470010
470011
470012
470013
470015
470016
470017
470018
470019
470020
470021
470022
470023
470024
470025
470026
470027
470028
470029
470030
470031
470032
470033
470034
470035
470036
470037
470038
470039
470040
470041
470042
470043
470044
470045
470047
470048
470049
470050
470051
470052
470053
470054
470055
470056
470057
470058
470059
470060
470061
470062
470063
470064
470065
470066
470067
470068
470070
470071
470072
470073
470074
470075
470076
470077
470078
470080
470081
470082
470084
470085
470086
470087
470088
470090
470091
470092
470093
470094
470095
470096
470097
470098
470099
470100
470101
470102
470103
470104
470105
470106
470107
470108
470109
470110
470111
470112
470113
470114
470115
470116
470117
470118
470119
470120
470121
470122
470123
470124
470125
470126
470127
470128
470130
470131
470132
470133
470135
470136
470137
470138
470139
470141
470142
470143
470144
470145
470146
470147
470148
470149
470151
470152
470153
470154
470155
470156
470157
470158
470159
470160
470161
470162
470163
470164
470165
470166
470167
470168
470169
470170
470171
470172
470173
470174
470175
470177
470178
470179
470180
470181
470182
470183
470184
470185
470186
470187
470188
470189
470190
470191
470192
470193
470196
470197
470198
470199
470200
470201
470202
470203
470204
470206
470207
470208
470209
470210
470211
470212
470213
470214
470215
470216
470217
470218
470219
470220
470221
470222
470223
470227
470228
470229
470230
470231
470232
470233
470234
470235
470236
470237
470238
470239
470241
470242
470243
470244
470245
470246
470248
470249
470250
470251
470255
470256
470257
470258
470259
470261
470262
470263
470264
470265
470266
470267
470269
470270
470274
470276
470381
470382
470383
470384
470385
470387
470388
470389
470390
470391
470392
470393
470394
470395
470397
470398
470399
470400
470401
470402
470403
470404
470405
470406
470407
470408
470409
470410
470412
470414
470415
470416
470417
470418
470551
470552
470553
470555
470558
470559
470560
470561
470563
470564
470565
470566
470568
470570
470571
470572
470573
470574
470575
470576
470577
470579
470580
470581
470582
470583
470584
470585
470586
470587
470588
470589
470594
470595
470596
470597
470598
470599
470600
470602
470603
470606
470607
470608
470609
470611
470612
470614
470618
470619
470620
470622
470623
470624
470625
470626
470628
470629
470630
470632
470633
470634
470635
470636
470639
470640
470641
470642
470645
470646
470648
470649
470650
470651
470652
470653
470654
470655
470656
470657
470659
470660
470661
470662
470664
470665
470666
470667
470668
470669
470671
470672
470673
470674
470675
470676
470677
470678
470679
470680
470681
470682
470683
470684
470685
470686
470687
470688
470689
470690
470691
470692
470693
470695
470696
470698
470699
470700
470701
470702
470703
470706
470707
470708
470709
470712
470713
470714
470715
470716
470717
470718
470720
470721
470723
470724
470726
470728
470729
470730
470731
470732
470851
470852
470853
470854
470855
470856
470857
470952
470953
470954
470956
470957
470958
470960
470962
470963
470964
470965
470966
470967
470968
470969
470970
470971
470972
470973
470974
470975
470976
470978
470979
470980
470982
470983
470984
470985
470986
470988
470989
470990
470991
470993
470994
470995
470996
470997
471000
471001
471002
471003
471004
471005
471006
471007
471008
471010
471011
471012
471013
471014
471015
471019
471020
471022
471024
471025
471026
471027
471028
471030
471031
471032
471033
471034
471035
471141
471142
471601
471602
471603
471604
471605
471606
471607
471608
471609
471610
471611
471612
471613
471614
471615
471616
471617
471619
471620
471621
471622
471623
471624
471625
471626
471627
471628
471629
471630
471631
471632
471701
471702
471704
471705
471706
471707
471708
471709
471710
471711
471712
471713
471714
471715
471716
471717
471718
471719
471720
471721
471722
471723
471724
471725
471726
471727
471728
471729
471730
471731
471732
471733
471734
471735
471737
471738
471739
471740
471741
471742
471743
471744
471745
471746
471747
471748
471749
471750
471751
471752
471753
471754
471755
471781
471782
471783
471784
471785
471786
471787
471788
471789
471790
471791
471792
471793
471794
471795
471796
471797
471798
471799
471800
471801
471802
471803
471901
471902
471903
471904
471905
471906
471907
471908
471909
471910
471911
471912
471913
471914
471915
471916
471917
471918
471919
471920
471921
471922
471923
471924
471925
471926
471927
471928
471929
471930
471931
471932
471934
471935
471936
471937
471938
471939
471940
471941
471942
471943
471944
471945
471946
471947
471948
471949
471950
471951
471952
471955
471956
471957
471958
471959
471960
471961
471963
471964
471965
471966
471967
471968
471970
471971
471972
471973
471974
471975
471976
471977
471978
471979
471980
471981
471982
471983
471985
471986
471987
471988
471989
471990
471992
471993
471994
471995
471996
471997
471998
471999
472000
472001
472002
472003
472004
472005
472006
472007
472008
472009
472010
472011
472012
472013
472014
472017
472018
472019
472020
472021
472022
472023
472024
472025
472026
472027
472028
472029
472030
472031
472032
472033
472034
472035
472036
472037
472038
472039
472040
472041
472043
472201
472202
472203
472204
472205
472206
472207
472208
472209
472210
472211
472212
472213
472215
472216
472217
472218
472219
472220
472221
472222
472223
472224
472225
472226
472227
472228
472229
472230
472231
472232
472233
472234
472235
472237
472238
472239
472240
472241
472242
472243
472244
473101
473102
473103
473104
473105
473106
473107
473108
473109
473110
473111
473112
473113
473114
473115
473117
473118
473119
473120
473121
473122
473123
473124
473125
473126
473128
473129
473131
473132
473133
473134
473136
473137
473138
473139
473140
473141
473142
473143
473144
473145
473146
473147
473148
473149
473150
473151
473152
473153
473154
473155
473156
473157
473158
473159
473160
473161
473162
473163
473164
473165
473166
473168
473169
473170
473171
473172
473174
473175
473176
473177
473178
473179
473180
473181
473182
473183
473184
473185
473186
473188
473189
473190
473191
473192
473193
473195
473197
473198
473199
473200
473201
473202
473203
473204
473205
473206
473207
473208
473209
473210
473211
473213
473214
473215
473216
473217
473218
473219
473220
473221
473222
473223
473224
473225
473226
473227
473228
473229
473230
473231
473232
473233
473234
473235
473236
473237
473238
473239
473240
473241
473242
473243
473244
473245
473246
473248
473250
473251
473252
473253
473254
473255
473256
473257
473258
473259
473260
473261
473262
473263
473264
473265
473266
473267
473268
473269
473270
473271
473272
473274
473275
473276
473277
473278
473279
473280
473281
473282
473283
473284
473285
473286
473287
473288
473289
473290
473291
473292
473293
473294
473295
473296
473297
473299
473381
473382
473383
473384
473385
473386
473387
473388
473389
473390
473391
473392
473393
473394
473395
473396
473397
473398
473399
473400
473401
473402
473403
473404
473405
473406
473407
473409
473410
473411
473412
473413
473414
473415
473416
473417
473418
473419
473420
473421
473422
473423
473424
473426
473428
473429
473430
473431
473432
473433
473434
473435
473436
473437
473438
473439
473440
473441
473442
473443
473444
473445
473446
473447
473448
473449
473450
473451
473452
473453
473454
473455
473456
473457
473458
473459
473460
473461
473462
473463
473465
473466
473467
473468
473469
473470
473471
473472
473473
473474
473475
473476
473477
473478
473479
473480
473481
473482
473483
473484
473485
473486
473487
473488
473489
473490
473491
473492
473493
473494
473495
473496
473497
473498
473499
473500
473501
473502
473503
473504
473505
473622
473623
473624
473625
473682
473683
473684
473685
473686
473687
473688
473689
473690
473691
473692
473693
473694
473695
473696
473697
473698
473702
473703
473704
473705
473706
473707
473708
473751
473752
473753
473754
473755
473756
473757
473758
473759
473760
473901
473902
473903
473904
473905
473906
473907
473908
473909
473910
473911
473912
473913
473914
473915
473916
473917
473981
473982
473983
473984
473985
473986
473987
473988
473989
473990
473991
473992
473993
473994
473995
474181
474182
474183
474184
474185
474186
474187
474188
474189
474191
474192
474195
474196
474197
474198
474199
474200
474201
474202
474203
474204
474205
474206
474207
474208
474209
474210
474211
474212
474213
474214
474215
474216
474217
474218
474219
474220
474222
474223
474224
474225
474226
474227
474228
474229
474230
474231
474233
474234
474235
474236
474322
474323
474324
474325
474451
474452
474453
474454
474455
474456
474457
474458
474459
474460
474461
474462
474463
474464
474465
474466
474467
474468
474469
474470
474472
474473
474474
474475
474476
474477
474478
474479
474480
474481
474482
474483
474484
474541
474542
474543
474544
474601
474602
474603
474604
474605
474606
474607
474681
474682
474683
474684
474685
474686
474688
474689
474690
474691
474692
474693
474694
474695
474696
474697
474699
474700
474701
474821
474822
474823
474824
474922
474924
474925
474927
