700001
700002
700003
700004
700005
700007
700008
700009
700010
700013
700014
700016
700017
700018
700019
700020
700021
700022
700023
700024
700025
700027
700028
700029
700030
700031
700032
700033
700034
700035
700036
700037
700038
700039
700040
700041
700042
700043
700044
700045
700046
700047
700048
700049
700050
700051
700052
700053
700054
700055
700056
700057
700058
700059
700060
700061
700062
700063
700064
700065
700066
700067
700068
700069
700070
700071
700072
700073
700074
700075
700076
700077
700078
700079
700080
700081
700082
700083
700084
700085
700086
700087
700088
700089
700090
700091
700092
700093
700094
700095
700096
700097
700098
700099
700100
700101
700103
700104
700105
700106
700107
700108
700109
700110
700111
700112
700113
700114
700115
700117
700118
700119
700120
700121
700122
700123
700124
700125
700126
700127
700128
700129
700130
700131
700132
700133
700134
700135
700136
700137
700138
700139
700140
700141
700142
700143
700144
700145
700146
700147
700148
700149
700150
700251
700252
700253
700254
700255
700256
700257
700258
700259
700261
700262
700263
700265
700266
700267
700268
700269
700270
700271
700272
700273
700274
700276
700277
700278
700279
700280
700281
700282
700283
700284
700285
700286
700287
700288
700289
700290
700291
700292
700293
700294
700295
700297
700298
700299
700300
700301
700302
700304
700305
700306
700307
700308
700309
700310
700311
700312
700313
700314
700315
700316
700317
700318
700319
700320
700321
700322
700323
700324
700325
700326
700327
700328
700329
700330
700331
700332
700333
700334
700335
700336
700337
700338
700339
700340
700341
700342
700343
700344
700345
700346
700347
700348
700349
700350
700351
700352
700353
700354
700355
700356
700357
700358
700359
700360
700362
700363
700364
700365
700366
700367
700368
700369
700370
700371
700372
700373
700374
700375
700376
700377
700378
700379
700380
700381
700382
700383
700384
700385
700386
700387
700388
700391
700392
700393
700395
700396
700397
700398
700399
700400
700401
700402
700403
700404
700405
700406
700407
700408
700409
700410
700411
700412
700413
700414
700415
700416
700417
700418
700419
700420
700421
700422
700423
700424
700425
700426
700428
700430
700431
700432
700433
700434
700435
700436
700437
700438
700439
700440
700441
700442
700444
700445
700446
700447
700448
700450
700451
700452
700453
700454
700455
700456
700457
700458
700459
700460
700461
700462
700463
700464
700465
700466
700467
700468
700469
700470
700471
700472
700473
700474
700475
700476
700477
700478
700479
700480
700481
700482
700483
700484
700485
700487
700488
700490
700491
700492
700493
700494
700495
700496
700497
700498
700499
700500
700501
700502
700503
700504
700505
700506
700507
700508
700509
700510
700511
700512
700513
700514
700515
700516
700517
700518
700520
700521
700522
700523
700524
700525
700526
700527
700528
700529
700530
700531
700532
700533
700534
700535
700536
700537
700538
700539
700540
700541
700542
700543
700544
700545
700546
700547
700548
700549
700550
700551
700552
700553
700554
700555
700556
700557
700558
700559
700560
700561
700562
700563
700564
700565
700566
700567
700568
700570
700572
700573
700574
700575
700576
700577
700578
700579
700580
700581
700582
700583
700584
700585
700586
700587
700588
700589
700591
700592
700593
700594
700596
700597
700598
700599
700600
700601
700602
700603
700604
700605
700606
700607
700608
700609
700610
700611
700612
700613
700614
700615
700616
700617
700618
700619
700620
700621
700623
700624
700625
700626
700627
700628
700629
700630
700631
700632
700633
700634
700635
700636
700637
700638
700639
700640
700641
700642
700643
700644
700645
700646
700647
700648
700649
700650
700651
700652
700654
700655
700656
700657
700658
700659
700660
700661
700662
700663
700664
700665
700666
700667
700668
700669
700670
700671
700672
700673
700674
700675
700676
700677
700678
700679
700680
700681
700682
700683
700684
700685
700686
700687
700688
700689
700690
700691
700692
700693
700694
700695
700696
700697
700698
700699
700700
700701
700702
700703
700704
700705
700706
700708
700709
700710
700711
700712
700713
700714
700715
700716
700717
700718
700719
700720
700721
700722
700723
700724
700725
700726
700727
700728
700729
700730
700731
700732
700733
700734
700735
700736
700737
700738
700739
700740
700741
700742
700743
700744
700745
700746
700747
700748
700749
700750
700751
700752
700753
700754
700755
700756
700757
700758
700759
700760
700761
700762
700763
700764
700765
700766
700767
700768
700769
700770
700771
700772
700773
700774
700775
700776
700777
700778
700779
700780
700781
700782
700783
700784
700785
700786
700787
700788
700789
700790
700791
700792
700793
700794
700795
700796
700797
700798
700799
700800
700801
700802
700803
700804
700805
700806
700807
700808
700809
700810
700812
700813
700814
700815
700816
700817
700818
700819
700820
700821
700822
700823
700824
700825
700826
700827
700828
700829
700830
700831
700832
700833
700834
700835
700837
700838
700839
700840
700841
700842
700843
700844
700845
700846
700847
700848
700849
700851
700852
700853
700854
700855
700856
700857
700858
700859
700860
700863
700864
700865
700866
700867
700868
700869
700870
700871
700872
700873
700874
700875
700876
700877
700878
700879
700880
700881
700882
700883
700884
700885
700886
700887
700888
700889
700890
700891
700892
700893
700894
700895
700896
700897
700898
700899
700900
700901
700902
700903
700904
700905
700906
700907
700908
700909
700910
700911
700912
700913
700914
700915
700916
700917
700918
700919
700920
700921
700922
700923
700924
700925
700926
700927
700928
700929
700930
700931
700932
700933
700934
700935
700936
700937
700938
700939
700940
700941
700942
700943
700944
700945
700946
700947
700948
700949
700950
700951
700952
700953
700954
700955
700956
700957
700958
700959
700960
700962
700963
700964
700965
700966
700967
700968
700969
700970
700971
700972
700973
700974
700975
700976
700977
700978
700979
700980
700982
700983
700984
700985
700986
700987
700988
700989
700990
700991
700992
700993
700994
700995
700996
700997
700998
700999
701000
701001
701002
701003
701004
701005
701007
701008
701010
701011
701012
701013
701014
701016
701017
701018
701019
701020
701021
701022
701023
701024
701025
701026
701027
701028
701029
701030
701031
701032
701033
701034
701035
701036
701037
701038
701039
701040
701041
701042
701043
701044
701045
701047
701048
701049
701050
701051
701052
701053
701055
701056
701057
701058
701059
701060
701061
701062
701063
701065
701066
701068
701069
701070
701071
701072
701075
701076
701077
701078
701079
701080
701081
701082
701083
701084
701085
701086
701088
701089
701090
701091
701092
701093
701094
701501
701502
701503
701504
701505
701506
701601
701602
701603
701604
701701
701702
701703
701704
701705
701706
701801
701802
701803
701804
701805
701806
701807
701808
701809
701810
701811
701812
701813
701814
701815
701816
701817
701818
701819
701820
701821
701822
701823
701824
701825
701826
701827
701828
701829
701830
701831
701832
701833
701834
701835
701836
701837
701838
701839
701840
701841
701842
701843
701844
701845
701846
701847
701848
701849
701850
701851
701852
701853
701854
701855
701856
701857
701860
701861
701862
701863
701864
701865
701866
701867
701868
701869
701870
701871
701872
701873
701874
701875
701876
701877
701878
701879
701880
701881
701882
701883
701884
701885
701886
701887
701888
701889
701890
701891
701892
701893
701894
701896
701897
701898
701899
701900
701901
701902
701903
701904
701905
701906
701907
701908
701909
701910
701911
701912
701913
701914
701915
701916
701918
701919
701920
701921
701922
701923
701924
701925
701926
701927
701928
701929
701930
701931
701932
701933
701934
701935
701936
701937
701938
701939
701940
701941
701942
701943
701944
701945
701946
701947
701948
701949
701950
701951
701952
701953
701954
701955
701956
701957
701958
701959
701960
701961
701962
701963
701964
701965
701966
701967
701968
701969
701970
701971
701972
701973
701974
701975
701977
701978
701979
701980
701982
701984
701985
701986
701987
701988
701989
701990
701992
701993
701994
701995
701996
701998
701999
702000
702001
702002
702004
702005
702006
702008
702009
702010
702011
702012
702014
702015
702016
702017
702018
702021
702022
702023
702025
702026
702027
702028
702029
702030
702031
702032
702033
703001
703002
703003
703004
703005
703006
703007
703008
703009
703010
703011
703012
703013
703014
703015
703016
703017
703018
703019
703020
703021
703022
703023
703024
703025
703026
703027
703028
703029
703030
703031
703032
703033
703034
703035
703036
703037
703038
703039
703040
703041
703042
703043
703044
703045
703046
703047
703048
703049
703050
703051
703052
703053
703054
703055
703056
703057
703058
703059
703060
703061
703062
703063
703064
703066
703067
703068
703069
703070
703071
703072
703073
703074
703075
703076
703077
703078
703079
703080
703081
703082
703083
703084
703085
703086
703087
703088
703089
703090
703091
703093
703094
703095
703096
703097
703098
703099
703100
703101
703102
703103
703104
703105
703106
703107
703108
703109
703110
703111
703112
703113
703114
703115
703116
703118
703119
703120
703121
703122
703123
703124
703125
703126
703127
703128
703129
703130
703131
703132
703133
703134
703135
703136
703137
703138
703139
703140
703141
703142
703143
703144
703145
703146
703147
703148
703149
703150
703151
703152
703153
703154
703155
703156
703157
703158
703159
703160
703161
703162
703163
703164
703165
703166
703167
703168
703169
703170
703171
703172
703173
703174
703175
703176
703177
703178
703179
703180
703181
703182
703183
703184
703185
703186
703187
703188
703189
703190
703191
703192
703193
703194
703195
703196
703197
703198
703199
703200
703201
703202
703203
703204
703205
703206
703401
703402
703403
703404
703405
703406
703407
703408
703409
703410
703411
703412
703413
703414
703415
703416
703417
703418
703419
703420
703421
703422
703423
703424
703425
703426
703427
703428
703429
703430
703431
703432
703433
703434
703435
703436
703437
703438
703439
703440
703441
703442
703443
703444
703445
703446
703447
703449
703450
703451
703452
703453
703454
703455
703456
703457
703459
703460
703461
703462
703463
703464
703465
703466
703467
703468
703469
703470
703471
703472
703473
703474
703475
703477
703478
703479
703480
703481
703482
703483
703484
703485
703486
703487
703488
703489
703490
703491
703492
703493
703495
703496
703497
703498
703499
703500
703501
703502
703503
703504
703505
703507
703508
703509
703510
703511
703512
703513
703514
703516
703517
703518
703519
703520
703521
703522
703523
703524
703525
703526
703527
703528
703530
703531
703532
703533
703534
703535
703536
703537
703539
703540
703541
703542
703543
703544
703545
703546
703547
703548
703549
703550
703551
703552
703553
703555
703556
703559
703560
703561
703562
703563
703564
703565
703566
703567
703568
703569
703570
703571
703572
703573
703574
703575
703576
703577
703578
703579
703580
703581
703582
703583
703584
703586
703587
703588
703589
703590
703591
703592
703593
703594
703595
703596
703597
703598
703599
703600
703601
703602
703603
703604
703605
703606
703607
703608
703609
703610
703611
703612
703613
703614
703615
703616
703617
703618
703619
703620
703621
703622
703623
703624
703625
703626
703627
703628
703629
703630
703632
703633
703634
703635
703636
703637
703638
703639
703640
703641
703643
703644
703645
703646
703647
703648
703649
703650
703651
703652
703653
703654
703655
703656
703657
703658
703659
703660
703661
703662
703663
703664
703665
703666
703667
703668
703669
703671
703672
703673
703674
703675
703676
703677
703678
703679
703680
703681
703682
703683
703684
703685
703686
703687
703688
703689
703690
703691
703692
703693
703694
703695
703696
703697
703698
703699
703700
703701
703702
703703
703704
703705
703706
703707
703708
703709
703710
703711
703712
703713
703714
703715
703716
703717
703718
703719
703720
703721
703722
703723
703724
703725
703726
703727
703728
703729
703730
703731
703732
703733
703734
703735
703736
703737
703738
703740
703741
703742
703743
703744
703745
703746
703747
703748
703749
703750
703751
703752
703753
703754
703755
703756
703757
703758
703759
703760
703761
703762
703763
703764
703766
703768
703769
703770
703771
703772
703773
703774
703775
703776
703777
703778
703779
703780
703781
703782
703783
703784
703785
703786
703787
703788
703789
703790
703791
703792
703793
703794
703795
703796
703797
703798
703800
703801
703802
703803
703804
703805
703806
703808
703809
703811
703813
703814
703815
703816
703817
703819
703821
703822
703824
703825
703826
703827
703829
704151
704153
704154
704155
704156
704157
704158
704159
704160
704161
704162
704163
704164
704165
704166
704167
704168
704169
704170
704171
704172
704173
704174
704175
704176
704177
704178
704179
704180
704181
704182
704183
704184
704185
704186
704187
704188
704189
704190
704191
704192
704193
704194
704195
704196
704197
704198
704199
704200
704201
704202
704203
704204
704205
704206
704207
704208
704209
704210
704211
704212
704213
704214
704215
704216
704217
704218
704219
704220
704221
704222
704223
704224
704225
704226
704227
704228
704229
704230
704231
704232
704233
704234
704235
704236
704237
704239
704240
704241
704242
704243
704244
704245
704246
704247
704248
704249
704250
704251
704252
704253
704254
704255
704256
704257
704258
704259
704261
704262
704263
704264
704265
704266
704267
704268
704269
704270
704271
704272
704273
704274
704275
704276
704277
704278
704279
704280
704281
704282
704283
704284
704286
704287
704288
704289
704290
704291
704292
704293
704294
704295
704297
704298
704299
704300
704301
704302
704303
704304
704305
704306
704307
704308
704309
704310
704311
704312
704313
704314
704315
704316
704317
704318
704319
704320
704322
704323
704324
704325
704326
704327
704328
704329
704330
704331
704332
704333
704334
704335
704336
704337
704338
704339
704340
704341
704343
704345
704346
704347
704348
704349
704350
704351
704354
704355
704356
704357
704358
704359
704360
704361
704362
704363
704551
704552
704553
704554
704555
704556
704557
704558
704559
704560
704561
704562
704563
704564
704565
704566
704567
704568
704569
704570
704571
704572
704573
704651
704652
704653
704654
704656
704658
704751
704752
704753
704754
704755
704756
704757
704758
704759
704760
704761
704762
704763
704764
704765
704766
704767
704851
704852
704853
704854
704855
704856
704857
704858
704859
704860
704861
704862
704863
704864
704865
704866
704951
704952
704953
704954
704955
704956
704957
704958
704959
704960
704961
704962
704963
704964
704965
704966
704967
704968
704969
704970
704971
704972
704973
704974
704975
704976
704977
704978
704979
704980
704981
704982
704983
704984
704985
704986
704987
704988
704989
704990
704991
704992
704993
704994
704995
704996
704997
704998
704999
705000
705001
705002
705003
705004
705005
705006
705007
705008
705009
705010
705011
705012
705101
705141
705142
705143
705144
705145
705301
705304
705305
705306
705401
705402
705403
705404
705405
705406
705407
705408
705409
705410
705411
705412
705413
705414
705415
705416
705417
705418
705419
705420
705421
705422
705423
705424
705427
705428
705429
705430
705431
705434
705435
705436
705437
705438
705439
705440
705441
705442
705443
705444
705445
705446
705447
705448
705450
705451
705452
705453
705454
705455
705456
705457
705458
705459
705460
705461
705462
705463
705464
705465
705466
705467
705468
705469
705470
705471
705472
705473
705474
705475
705476
705477
705478
705479
705480
705481
705482
705483
705484
705485
705486
705487
705488
705489
705490
705491
705492
705493
705494
705495
705496
705497
705498
705499
705500
705501
705502
705503
705504
705505
705506
705507
705508
706001
706002
706003
706004
706005
706006
706007
706008
706009
706010
706011
706012
706013
706014
706015
706016
706017
706018
706019
706020
706021
706022
706023
706024
706025
706026
706253
706254
706255
706256
706257
706258
706260
706261
706262
706264
706265
706266
706267
706268
706269
706270
706271
706272
706273
706274
706275
706276
706277
706278
706279
706280
706282
706283
706284
706285
706286
706287
706289
706290
706291
706292
706293
706294
706295
706297
706298
706299
706300
706301
706302
706304
706305
706306
706307
706308
706309
706310
706311
706312
706314
706316
706317
706318
706319
706320
706321
706322
706323
706324
706325
706326
706328
706329
706330
706331
706332
706333
706334
706335
706336
706337
706338
706339
706340
706341
706342
706343
706344
706345
706346
706347
706348
706350
706351
706352
706353
706354
706355
706356
706357
706358
706359
706360
706361
706363
706364
706365
706366
706367
706368
706369
706370
706371
706372
706373
706374
706375
706376
706377
706378
706379
706380
706381
706382
706384
706385
706386
706387
706388
706389
706390
706391
706392
706393
706394
706396
706397
706398
706399
706400
706401
706402
706403
706404
706405
706406
706407
706408
706409
706410
706411
706412
706415
706416
706417
706418
706420
706421
706422
706423
706424
706425
706426
706427
706428
706429
706430
706431
706432
706434
706435
706436
706438
706439
706440
706441
706442
706443
706444
706445
706446
706447
706448
706449
706450
706451
706452
706453
706454
706455
706456
706457
706458
706459
706460
706461
706462
706463
706464
706465
706466
706701
706702
706703
706704
706705
706706
706707
706708
706710
706711
706712
706713
706714
706715
706716
706717
706718
706720
706721
706722
706723
706724
706725
706726
707001
707002
707003
707004
707005
707006
707009
707010
707011
707012
707014
707015
707016
707017
707018
707019
707020
707021
707022
707023
707024
707025
707026
707027
707028
707029
707030
707031
707032
707033
707034
707035
707036
707037
707038
707039
707040
707041
707042
707043
707044
707045
707046
707047
707048
707049
707050
707051
707052
707055
707056
707057
707058
707059
707060
707061
707062
707064
707065
707066
707067
707068
707069
707070
707071
707072
707073
707074
707075
707076
707077
707078
707079
707080
707081
707082
707083
707084
707085
707086
707087
707088
707089
707090
707092
707093
707094
707095
707096
707097
707098
707099
707100
707101
707102
707103
707104
707105
707106
707107
707108
707109
707110
707111
707112
707113
707114
707115
707116
707117
707118
707119
707120
707121
707122
707123
707124
707125
707126
707127
707128
707129
707130
707131
707132
707133
707134
707135
707136
707137
707138
707139
707140
707141
707142
707143
707144
707145
707146
707147
707148
707149
707150
707151
707152
707153
707154
707155
707156
707157
707158
707159
707160
707161
707162
707163
707164
707165
707166
707167
707168
707169
707170
707171
707172
707173
707174
707175
707176
707177
707178
707179
707180
707181
707182
707183
707184
707185
707186
707187
707188
707189
707190
707191
707192
707193
707194
707195
707196
707197
707198
707199
707200
707201
707202
707203
707204
707205
707206
707207
707208
707209
707210
707211
707212
707213
707214
707215
707216
707217
707218
707219
707220
707221
707222
707223
707224
707225
707226
707227
707228
707230
707231
707232
707233
707234
707235
707236
707237
707238
707239
707240
707241
707242
707243
707244
707245
707246
707247
707248
707249
707250
707251
707252
707253
707254
707255
707256
707257
707258
707259
707260
707261
707262
707263
707264
707266
707267
707268
707269
707270
707271
707272
707274
707275
707276
707277
707278
707279
707280
707281
707282
707283
707284
707285
707286
707287
707288
707289
707290
707291
707292
707293
707294
707295
707296
707297
707298
707299
707300
707301
707302
707303
707304
707305
707306
707307
707308
707309
707310
707311
707312
707313
707314
707315
707316
707317
707318
707319
707320
707321
707322
707323
707324
707325
707326
707327
707328
707329
707330
707331
707332
707333
707334
707335
707336
707337
707338
707339
707340
707341
707342
707343
707344
707345
707346
707347
707348
707349
707350
707351
707352
707353
707354
707355
707356
707357
707358
707359
707360
707361
707362
707363
707364
707365
707366
707367
707368
707370
707371
707372
707373
707374
707375
707376
707378
707380
707381
707383
707385
707386
707387
707651
707652
707653
707654
707655
707656
707657
707658
707659
707660
708101
708102
708103
708104
708105
708106
708107
708108
708109
708110
708111
708112
708113
708114
708115
708117
708118
708119
708120
708121
708122
708123
708124
708125
708127
708128
708129
708130
708131
708132
708133
708134
708135
708136
708137
708138
708139
708140
708141
708142
708143
708144
708145
708146
708147
708148
708149
708150
708151
708152
708153
708154
708155
708156
708157
708158
708159
708160
708162
708163
708164
708166
708167
708168
708351
708352
708353
708354
708355
708356
708357
708358
708359
708360
708361
708362
708363
708364
708365
708366
708367
708368
708369
708370
708371
708372
708373
708374
708375
708376
708377
708378
708379
708380
708381
708382
708383
708384
708385
708386
708387
708388
708389
708390
708391
708393
708394
708395
708396
708397
708398
708399
708400
708401
708402
708403
708404
708405
708406
708407
708408
708409
708410
708411
708412
708413
708414
708415
708416
708417
708418
708419
708420
708421
708422
708423
708424
708425
708426
708427
708428
708429
708430
708431
708432
708433
708434
708435
708436
708437
708438
708439
708440
708441
708442
708443
708444
708445
708446
708447
708448
708449
708450
708451
708452
708453
708454
708455
708456
708457
708458
708459
708460
708461
708462
708463
708464
708465
708466
708467
708468
708469
708470
708471
708472
708473
708474
708475
708476
708477
708478
708479
708480
708481
708482
708483
708484
708485
708486
708487
708488
708489
708490
708491
708492
708493
708494
708495
708496
708497
708498
708499
708500
708501
708502
708503
708504
708505
708506
708507
708508
708509
708510
708511
708512
708513
708514
708515
708516
708517
708518
708519
708520
708521
708522
708523
708524
708525
708526
708527
708528
708529
708530
708531
708532
708533
708534
708535
708536
708537
708538
708539
708801
708802
708803
708804
708805
708806
708807
708808
708809
708810
708811
708812
708813
708814
708815
708816
708817
708818
708819
708820
708821
708822
708823
708824
708825
708951
708952
708953
708954
708955
708956
708957
708958
708959
708960
708962
708963
708964
708965
708966
708967
708968
708969
708970
708971
708972
708973
708974
708975
708976
708977
708978
708979
708980
708981
708982
708983
708984
708985
708986
708987
708988
708989
708990
708991
708992
708993
708994
708995
708996
708997
708998
708999
709000
709001
709002
709003
709004
709005
709006
709007
709008
709009
709010
709011
709012
709013
709014
709015
709016
709017
709018
709019
709020
709021
709022
709023
709024
709025
709026
709027
709028
709029
709030
709031
709032
709033
709034
709035
709036
709037
709038
709039
709040
709041
709042
709043
709044
709045
709046
709047
709048
709049
709050
709051
709052
709053
709054
709055
709056
709057
709058
709059
709060
709061
709062
709063
709064
709065
709066
709067
709068
709069
709070
709071
709072
709073
709074
709075
709076
709077
709078
709079
709080
709081
709082
709083
709084
709085
709086
709087
709088
709089
709090
709091
709092
709093
709094
709095
709096
709098
709099
709100
709101
709102
709104
709105
709106
709107
709108
709109
709110
709111
709112
709113
709114
709115
709116
709117
709118
709119
709120
709121
709122
709351
709352
709353
709354
709355
709356
709357
709358
709359
709360
709361
709362
709363
709364
709365
709366
709367
709368
709369
709370
709371
709372
709373
709374
709375
709376
709377
709378
709379
709380
709381
709382
709383
709384
709385
709386
709387
709388
709389
709390
709391
709392
709393
709394
709395
709396
709397
709399
709400
709401
709402
709403
709404
709405
709406
709407
709408
709409
709410
709411
709412
709413
709415
709416
709417
709418
709419
709420
709421
709422
709423
709424
709425
709426
709427
709428
709429
709431
709432
709433
709434
709435
709436
709437
709438
709439
709440
709441
709442
709443
709444
709445
709446
709447
709448
709449
709450
709451
709452
709453
709454
709455
709456
709457
709458
709459
709460
709461
709462
709463
709464
709465
709466
709467
709468
709469
709470
709471
709472
709473
709474
709475
709476
709477
709478
709479
709480
709481
709482
709483
709484
709485
709486
709487
709488
709489
709490
709491
709492
709493
709494
709495
709496
709499
709500
709801
709802
709803
709805
709806
709807
709808
709809
709810
709811
709812
709813
709814
709815
709816
709817
709818
709819
709820
709821
709822
709823
709824
709825
709826
709827
709828
709829
709830
709831
709832
709833
709835
709836
709837
709838
709839
709840
709841
709842
709843
709844
709845
709846
709847
709848
709849
709850
709851
709852
709853
709854
709855
709856
709857
709858
709859
709860
709861
709862
709863
709864
709865
709866
709867
709868
709869
709870
709871
709872
709873
709874
709875
709876
709877
709878
709879
709880
709881
709882
709883
709884
709885
709886
709887
709888
709889
709890
709891
709892
709893
709894
709895
709896
709897
709898
709899
710151
710152
710153
710154
710155
710156
710157
710158
710159
710160
710161
710162
710163
710164
710165
710166
710167
710168
710169
710170
710171
710172
710173
710174
710175
710176
710177
710178
710179
710180
710181
710182
710183
710184
710185
710186
710187
710188
710189
710190
710191
710192
710193
710194
710195
710196
710197
710198
710199
710200
710201
710351
710352
710353
710354
710355
710356
710357
710358
710359
710360
710361
710362
710363
710365
710366
710367
710368
710369
710370
710371
710372
710373
710374
710375
710376
710377
710378
710379
710380
710381
710382
710383
710384
710385
710386
710387
710388
710389
710390
710391
710392
710393
710394
710395
710396
710397
710398
710399
710400
710401
710402
710403
710404
710405
710406
710407
710409
710410
710411
710412
710413
710414
710415
710416
710417
710418
710419
710420
710421
710422
710423
710424
710425
710426
710427
710428
710429
710430
710431
710432
710434
710435
710701
710702
710703
710704
710705
710706
710707
710709
710710
710711
710712
710713
710714
710715
710716
711001
711002
711003
711004
711005
711006
711007
711008
711009
711010
711011
711012
711013
711014
711015
711016
711017
711018
711019
711020
711021
711022
711023
711024
711026
711027
711028
711029
711030
711031
711032
711033
711034
711035
711036
711037
711038
711039
711040
711151
711152
711153
711154
711155
711156
711157
711158
711159
711160
711161
711162
711163
711165
711166
711167
711168
711169
711170
711171
711172
711173
711174
711175
711176
711177
711178
711179
711180
711181
711182
711183
711184
711185
711186
711187
711188
711189
711190
711191
711192
711193
711195
711196
711197
711198
711199
711200
711201
711202
711203
711204
711205
711206
711207
711208
711209
711210
711211
711212
711213
711214
711215
711216
711217
711218
711219
711220
711221
711222
711223
711224
711225
711226
711227
711228
711229
711230
711231
711232
711233
711234
711235
711236
711237
711238
711239
711240
711241
711242
711243
711244
711245
711246
711247
711248
711249
711250
711251
711252
711253
711254
711255
711256
711257
711258
711259
711260
711261
711262
711263
711264
711265
711266
711267
711268
711269
711270
711271
711272
711273
711274
711275
711276
711277
711278
711279
711280
711281
711282
711283
711284
711285
711286
711287
711288
711289
711290
711291
711292
711293
711294
711295
711296
711297
711298
711299
711300
711302
711303
711304
711305
711306
711307
711308
711309
711310
711311
711312
711313
711314
711315
711316
711317
711318
711319
711320
711321
711322
711323
711324
711325
711326
711327
711328
711329
711330
711331
711332
711333
711334
711335
711336
711337
711338
711339
711340
711341
711342
711343
711345
711347
711348
711349
711350
711351
711352
711353
711354
711355
711356
711357
711358
711359
711360
711361
711362
711363
711364
711365
711366
711367
711368
711369
711370
711371
711372
711373
711374
711375
711376
711377
711378
711379
711380
711381
711382
711383
711384
711385
711386
711387
711388
711389
711390
711391
711392
711393
711394
711395
711396
711397
711399
711400
711401
711402
711403
711404
711405
711406
711407
711408
711409
711410
711411
711412
711413
711414
711415
711416
711417
711418
711419
711420
711421
711422
711423
711424
711425
711426
711427
711428
711429
711430
711431
711432
711433
711434
711435
711436
711437
711438
711439
711441
711442
711444
711445
711446
711447
711448
711449
711450
711451
711452
711453
711454
711455
711456
711457
711458
711459
711460
711461
711462
711463
711464
711465
711466
711467
711468
711469
711701
711702
711703
711704
711705
711706
711707
711708
711709
711710
711711
711712
711713
711714
711715
711716
711717
711718
711719
711720
711721
711722
711723
711724
711725
711726
711727
711728
711729
711730
711731
711733
711734
711735
711736
711737
711738
711739
711740
711741
711742
711743
711744
711745
711746
711747
711748
711750
711751
711752
711753
711754
711755
711757
711758
711759
711761
711762
711763
711764
711765
711766
711767
711768
711769
711770
711772
711773
711774
711775
711776
711777
711779
711780
711781
711782
711783
711785
711786
711787
711788
711789
711790
711791
711792
711793
711794
711795
711796
711797
711798
711799
711800
711801
711802
711803
711804
711805
711806
711807
711808
711809
711810
711812
711813
711814
711815
711816
711817
711818
711819
711820
711821
711822
711823
711824
711825
711826
711827
711828
711829
711830
711831
711832
711833
711834
711835
711836
711837
711838
711839
711840
711841
711843
711844
711845
711846
711847
711848
711849
711850
711851
711852
711853
711854
711855
711856
711857
711858
711859
711860
711861
711862
711863
711864
711865
711866
711867
711868
711869
711870
711871
711872
711873
711874
711875
711876
711877
711878
711879
711880
711881
711882
711883
711884
711885
711886
711887
711888
711889
711890
711891
711892
711893
711894
711895
711896
711897
711898
711899
711900
711901
711902
711903
711904
711905
711906
711907
711909
711910
711911
711912
711913
711914
711915
711916
711917
711919
711920
711921
712151
712152
712153
712154
712155
712156
712157
712158
712159
712160
712161
712162
712163
712164
712165
712166
712167
712168
712170
712171
712173
712174
712175
712176
712177
712178
712179
712180
712181
712182
712183
712184
712187
712188
712189
712191
712193
712194
712195
712197
712198
712199
712200
712201
712202
712204
712205
712208
712209
712210
712211
712212
712213
712214
712215
712216
712217
712219
712220
712221
712222
712223
712224
712225
712226
712227
712228
712229
712230
712231
712232
712234
712236
712237
712238
712240
712241
712243
712244
712245
712246
712247
712248
712249
712250
712251
712252
712253
712255
712256
712257
712259
713001
713002
713003
713004
713005
713006
713007
713008
713009
713010
713011
713012
713013
713014
713015
713016
713017
713018
713019
713020
713021
713022
713023
713024
713025
713026
713027
713028
713029
713030
713031
713032
713033
713034
713035
713036
713037
713038
713039
713040
713041
713042
713043
713044
713045
713046
713047
713048
713049
713050
713051
713052
713053
713054
713055
713056
713057
713058
713059
713060
713061
713062
713063
713064
713065
713066
713067
713068
713069
713070
713071
713072
713073
713074
713075
713076
713077
713078
713079
713080
713081
713082
713083
713084
713085
713086
713087
713088
713089
713090
713091
713092
713093
713094
713095
713096
713097
713098
713099
713100
713101
713102
713103
713104
713105
713106
713107
713108
713109
713110
713111
713112
713113
713114
713115
713116
713117
713118
713119
713120
713121
713122
713123
713124
713125
713126
713127
713128
713129
713130
713131
713132
713133
713134
713135
713136
713137
713138
713139
713140
713141
713142
713143
713144
713145
713146
713147
713148
713149
713150
713151
713152
713153
713154
713155
713156
713157
713158
713159
713160
713161
713162
713163
713164
713165
713166
713167
713168
713169
713170
713171
713172
713173
713174
713175
713176
713177
713178
713179
713180
713181
713182
713184
713185
713186
713187
713188
713189
713190
713191
713192
713193
713195
713196
713197
713198
713199
713200
713201
713202
713203
713204
713205
713206
713207
713208
713209
713210
713211
713212
713451
713452
713453
713454
713455
713456
713457
713458
713459
713460
713461
713462
713463
713464
713465
713466
713467
713468
713551
713552
713553
713554
713555
713556
713557
713558
713560
713561
713562
713563
713564
713565
713566
713567
713568
713569
713570
713571
713572
713573
713574
713575
713576
713577
713578
713579
713580
713581
713582
713583
713584
713585
713586
713587
713588
713589
713590
713591
713592
713593
713594
713595
713596
713597
713598
713599
713600
713601
713602
713603
713604
713605
713606
713607
713608
713609
713610
713611
713612
713613
713614
713615
713616
713617
713618
713619
713620
713621
713622
713623
713624
713625
713626
713627
713628
713629
713630
713631
713632
713633
713634
713635
713636
713637
713638
713639
713640
713641
713642
713643
713644
713645
713646
713647
713648
713649
713650
713651
713652
713653
713654
713655
713656
713657
713658
713659
713660
713661
713662
713663
713664
713665
713666
713667
713668
713669
713670
713671
713672
713673
713674
713675
713676
713677
713678
713679
713680
713681
713682
713683
713684
713685
713686
713687
713689
713690
713691
713851
713852
713853
713854
713855
713856
713857
713858
713859
713860
713861
713862
713863
713864
713865
713866
713867
713868
713869
713870
713871
713872
713873
713874
713875
713876
713877
713878
713879
713880
713881
713882
713883
713884
713885
713886
713887
713888
713889
714051
714052
714053
714054
714055
714056
714057
714058
714059
714060
714061
714062
714063
714064
714065
714066
714067
714068
714069
714070
714071
714072
714073
714074
714075
714076
714077
714078
714079
714080
714081
714082
714083
714084
714086
714087
714088
714089
714090
714091
714092
714093
714094
714095
714096
714097
714098
714100
714101
714102
714103
714104
714105
714106
714107
714108
714109
714110
714111
714112
714114
714115
714116
714117
714118
714119
714120
714121
714122
714123
714124
714125
714126
714127
714128
714129
714130
714131
714132
714135
714136
714137
714138
714140
714141
714142
714144
714145
714146
714147
714148
714149
714150
714151
714152
714153
714154
714155
714156
714157
714158
714159
714160
714161
714162
714163
714164
714165
714166
714167
714168
714170
714171
714172
714173
714174
714175
714176
714177
714178
714179
714180
714181
714182
714183
714184
714185
714186
714187
714188
714189
714190
714191
714192
714193
714194
714195
714196
714197
714198
714199
714200
714201
714202
714203
714204
714205
714206
714207
714208
714209
714210
714211
714212
714213
714214
714215
714216
714217
714218
714219
714220
714221
714222
714223
714224
714225
714226
714227
714228
714229
714230
714231
714233
714234
714235
714237
714238
714239
714240
714241
714242
714243
714244
714247
714248
714249
714252
714253
714255
714256
714257
714258
714259
714260
714261
714262
714263
714264
714501
714502
714503
714504
714505
714506
714507
714508
714509
714510
714511
714512
714513
714514
714515
714516
714517
714518
714519
714520
714521
714522
714523
714524
714525
714526
714527
714528
714529
714530
714531
714532
714533
714534
714535
714536
714537
714538
714539
714540
714541
714651
714652
714653
714654
714655
714656
714657
714658
714659
714660
714661
714662
714663
714664
714665
714666
714667
714668
714669
714670
714671
714672
714673
714674
714675
714676
714677
714678
714679
714680
714681
714682
714683
714684
714685
714686
714687
714688
714689
714690
714691
714693
714694
714695
714696
714697
714698
714699
714700
714701
714702
714703
714704
714705
714706
714707
714708
714709
714710
714711
714712
714713
714714
714715
714716
714717
714718
714719
714720
714721
714722
714723
714724
714725
714726
714727
714728
714729
714730
714731
714732
714733
714734
714735
714736
714737
714738
714739
714740
714741
714742
714743
714744
714746
714747
714748
714749
714750
714751
714752
714753
714754
714755
714756
714757
714758
714759
714760
714761
714762
714763
714764
714765
714766
714767
714768
714769
714770
714771
714772
714773
714774
714775
714776
714777
714778
714779
714780
714781
714782
714783
714784
714785
714786
714787
714788
714789
714790
714792
714793
714794
714795
714796
714797
714798
714799
714800
714801
714802
714803
714804
714805
714806
714807
714808
714809
714810
714811
714812
714813
714814
714815
714816
714817
714818
714819
714820
714821
714822
714823
714824
714825
714826
714827
714828
714829
714830
714831
714832
714833
714834
714835
714836
714837
714838
714839
714840
714841
714842
714843
714844
715051
715052
715053
715054
715055
715056
715057
715058
715059
715060
715061
715062
715063
715064
715066
715067
715068
715069
715070
715071
715072
715073
715074
715075
715076
715077
715078
715079
715151
715152
715153
715154
715155
715156
715157
715158
715159
715161
715162
715163
715164
715165
715166
715167
715168
715169
715170
715171
715172
715173
715174
715175
715176
715177
715178
715179
715180
715251
715252
715253
715351
715352
715353
715354
715355
715356
715357
715358
715359
715360
715361
715362
715363
715364
715365
715366
715367
715368
715451
715452
715454
715455
715456
715457
715458
715459
715460
715461
715462
715463
715464
715465
715466
715467
715468
715469
715470
715471
715472
715473
715474
715475
715476
715477
715551
715552
715553
715554
715555
715556
715557
715558
715559
715560
715561
715562
715563
715564
715565
715566
715651
715652
715653
715654
715655
715656
715657
715658
715659
715660
715661
715662
715663
715664
715665
715666
715667
715668
715669
715670
715671
715672
715673
715674
715675
715676
715677
715678
715679
715680
715681
715682
715683
715684
715685
715686
715687
715688
715689
715690
715691
715692
715693
715694
715695
715696
715698
715699
715700
715701
715702
715703
715704
715705
715706
715707
715708
715709
715710
715711
715712
715713
715715
715716
715717
715718
715719
715720
715721
715722
715723
715725
715726
715727
715728
715729
715748
715749
715750
715751
715752
715753
715754
715755
715756
715757
715758
715852
715853
715854
715855
715856
715857
715858
715860
715861
715865
715951
715952
715953
715954
715955
715956
715957
715958
715959
715960
715961
715962
715963
715964
715965
715966
715967
715969
715970
715971
715972
715973
715974
716101
716102
716201
716202
716203
716301
716302
716303
716304
716305
716306
716307
716308
716309
716310
716311
716312
716313
716314
716315
716316
716317
716318
716319
716320
716321
716322
716323
716324
716325
716326
716451
716452
716453
716454
716455
716456
716457
716458
716459
716460
716461
716462
716463
716464
716465
716466
716467
716468
716469
716470
716471
716472
716473
716474
716475
716476
716477
716478
716479
716480
716481
716482
716483
716701
716702
716703
716706
716707
716708
716709
716710
716711
716712
716713
716714
716715
716716
716717
716718
716719
716720
716721
716722
716723
716724
716725
716726
716727
716728
716729
716730
716731
716732
716733
716734
716735
716736
716737
716738
716739
716740
716741
716742
716743
716744
716745
716747
716748
716749
716750
716751
716752
716753
716754
716755
716756
716757
716758
716759
716760
716761
716762
716763
716764
716765
716766
716767
716768
716769
716770
716771
716772
716773
716774
716775
716776
716777
716778
716779
716780
716781
716782
716783
716784
716786
716787
716788
716789
716790
716791
716792
716793
716794
716795
716796
716797
716799
716800
716801
716802
716803
716804
716805
716806
716807
716808
716810
716811
716812
716813
716814
716815
716816
716817
716818
716819
716820
716821
716822
716823
716824
716825
716826
716827
716828
716829
716830
716831
716832
716833
716834
716835
716836
716837
716838
716839
716840
716841
716842
716843
716844
716845
716846
716847
716848
716849
716850
716851
716852
716853
716854
716855
716856
716857
716858
716859
716860
716861
716862
716863
716864
716865
716866
716867
716868
716869
716870
716872
716873
716874
716875
716876
716877
716878
716879
716880
716882
716883
716884
716885
716886
716887
716888
716889
716890
716891
716892
716893
716894
716895
716896
716927
716929
716930
716931
716932
716933
716934
716935
716936
716937
716938
716939
716940
716941
716942
716943
716944
716945
716946
716947
716948
716949
716950
716951
716952
716953
716954
716955
716956
716957
716958
716959
716960
716961
716962
716963
716964
716965
716966
716967
716968
716969
716970
716971
716972
716973
716974
716975
716976
716977
716978
716980
716981
716982
716983
716984
716985
716986
716987
716988
716989
716990
716991
716992
716993
716994
716995
716996
716997
716998
716999
717000
717001
717002
717003
717004
717005
717006
717007
717008
717009
717010
717011
717012
717013
717014
717015
717016
717018
717019
717020
717021
717023
717024
717025
717026
717027
717028
717029
717030
717031
717032
717033
717034
717035
717036
717037
717038
717039
717040
717041
717042
717043
717044
717045
717046
717047
717048
717049
717050
717051
717052
717053
717054
717055
717056
717057
717058
717060
717061
717062
717063
717064
717065
717066
717067
717068
717069
717070
717071
717072
717073
717074
717075
717076
717077
717078
717079
717080
717081
717082
717083
717084
717085
717086
717087
717088
717089
717090
717091
717092
717093
717094
717095
717096
717097
717098
717099
717100
717101
717102
717103
717104
717105
717107
717108
717109
717110
717111
717112
717114
717115
717116
717117
717118
717119
717120
717121
717122
717123
717124
717125
717126
717127
717128
717129
717130
717131
717132
717133
717134
717135
717136
717137
717138
717139
717140
717141
717142
717143
717144
717145
717146
717147
717148
717149
717150
717151
717152
717153
717154
717155
717156
717157
717158
717159
717160
717161
717162
717163
717164
717165
717166
717167
717168
717169
717170
717171
717172
717173
717174
717175
717176
717177
717178
717179
717180
717181
717182
717183
717184
717185
717186
717187
717188
717189
717190
717191
717192
717193
717194
717251
717252
717253
717254
717255
717256
717257
717258
717259
717260
717261
717262
717263
717264
717265
717266
717267
717268
717269
717270
717271
717272
717273
717274
717275
717276
717277
717278
717279
717280
717281
717282
717283
717284
717285
717286
717287
717288
717289
717290
717291
717292
717293
717294
717295
717296
717297
717298
717299
717300
717301
717302
717303
717304
717305
717306
717307
717308
717309
717310
717311
717312
717313
717314
717315
717316
717317
717318
717319
717320
717321
717322
717323
717324
717325
717326
717327
717451
717452
717453
717454
717455
717456
717457
717458
717459
717460
717461
717462
717463
717464
717465
717466
717467
717468
717469
717470
717471
717472
717473
717474
717475
717476
717477
717478
717479
717480
717481
717482
717483
717601
717602
717603
717604
717605
717606
717607
717608
717609
717610
717611
717701
717702
717703
717704
717705
717706
717707
717708
717710
717711
717712
717713
717714
717715
717716
717717
717718
717719
717720
717721
717722
717723
717724
717725
717726
717727
717728
717729
717730
717731
717732
717733
717734
717735
717736
717737
717738
717739
717740
717741
717742
717743
717744
717745
717746
717747
717748
717749
717750
717751
717752
717753
717754
717755
717756
717757
717758
717759
717760
717761
717762
717763
717764
717765
717766
717767
717901
717902
717903
717904
717905
717906
717907
717908
717909
717910
717911
717912
717913
717914
717916
717917
717918
717919
717920
717921
717922
717923
717924
717925
717926
717927
717928
717929
717930
717931
717932
717933
717934
717935
717936
717937
717938
717939
717940
717941
717942
717943
717944
717945
717946
717947
717948
717950
717951
717952
717953
717954
717955
717956
717957
717958
717959
717960
717961
717962
717963
717964
717965
717966
717967
717968
717969
717970
717971
717972
717973
717974
717975
717976
717977
717978
717979
717980
717981
717982
717983
717984
717986
717987
717988
717989
717990
717991
717992
717993
717994
717995
717996
717997
717998
718000
718001
718003
718004
718005
718006
718007
718008
718009
718010
718011
718012
718013
718014
718016
718017
718018
718019
718020
718021
718022
718023
718024
718025
718026
718027
718028
718029
718030
718031
718032
718033
718034
718035
718036
718037
718038
718039
718040
718041
718042
718043
718044
718045
718046
718047
718048
718049
718050
718051
718052
718053
718054
718055
718056
718057
718058
718059
718060
718061
718063
718064
718066
718067
718068
718069
718070
718071
718072
718074
718075
718076
718077
718078
718079
718080
718081
718082
718083
718084
718085
718086
718087
718088
718089
718090
718091
718092
718093
718094
718095
718096
718097
718098
718100
718101
718102
718104
718105
718106
718107
718108
718109
718110
718111
718112
718113
718114
718115
718116
718117
718118
718119
718121
718122
718123
718124
718125
718126
718127
718128
718129
718130
718131
718132
718133
718134
718135
718136
718137
718138
718139
718140
718141
718142
718143
718144
718145
718146
718147
718149
718150
718151
718152
718153
718154
718155
718156
718157
718158
718159
718160
718161
718162
718163
718164
718165
718166
718167
718168
718169
718170
718171
718172
718173
718174
718175
718176
718177
718178
718179
718180
718181
718182
718183
718184
718185
718186
718187
718188
718189
718190
718191
718192
718193
718194
718195
718196
718197
718198
718199
718200
718201
718202
718203
718204
718205
718206
718207
718208
718209
718210
718211
718212
718213
718214
718215
718216
718217
718218
718219
718220
718222
718223
718224
718225
718226
718227
718228
718229
718230
718231
718232
718233
718234
718235
718236
718237
718238
718240
718241
718242
718243
718244
718245
718246
718247
718249
718250
718252
718253
718255
718256
718258
718259
718261
718262
718264
718267
718268
718270
718271
718272
718274
718275
718277
718278
718280
718281
718282
718283
718285
718286
718287
718288
718289
718290
718292
718293
718295
718296
718297
718298
718299
718300
718301
718302
718303
718304
718451
718452
718453
718454
718455
718456
718457
718458
718459
718460
718461
718462
718463
718464
718465
718466
718467
718468
718469
718470
718471
718472
718474
718475
718476
718477
718478
718479
718480
718481
718482
718483
718484
718485
718486
718487
718488
718651
718653
718654
718655
718656
718657
718658
718660
718661
718662
718663
718664
718665
718666
718667
718668
718669
718670
718671
718672
718673
718674
718675
718676
718677
718678
718679
718680
718681
718682
718683
718684
718685
718686
718687
718688
718689
718690
718691
718692
718693
718695
718696
718697
718698
718699
718700
718701
718702
718703
718704
718705
718706
718707
718708
718709
718710
718712
718713
718714
718715
718716
718717
718718
718719
718720
718721
718722
718723
718724
718725
718727
718728
718729
718730
718731
718732
718733
718734
718735
718736
718737
718738
718740
718741
718742
718743
718744
718746
718748
718749
718750
718751
718752
718753
718754
718755
718756
718757
718758
718760
718761
718762
718763
718764
718765
718766
718767
718768
718769
718770
718771
718772
718774
718775
718776
718777
718778
718779
718780
718781
718782
718786
718787
718788
718789
718790
718791
718792
718793
718795
718796
718797
719001
719002
719003
719004
719005
719006
719007
719008
719009
719010
719011
719012
719013
719014
719015
719016
719017
719018
719019
719020
719021
719022
719023
719025
719026
719027
719028
719029
719030
719031
719032
719033
719034
719035
719036
719037
719038
719040
719041
719042
719043
719044
719045
719046
719047
719048
719049
719051
719052
719053
719054
719055
719056
719057
719058
719059
719060
719061
719062
719063
719064
719065
719066
719067
719068
719069
719070
719071
719072
719073
719074
719075
719076
719077
719078
719079
719080
719081
719082
719083
719084
719085
719086
719088
719089
719090
719091
719092
719093
719094
719095
719096
719097
719098
719099
719100
719101
719102
719103
719104
719105
719106
719107
719108
719109
719110
719111
719112
719113
719114
719115
719116
719117
719118
719119
719120
719121
719122
719123
719124
719125
719126
719127
719128
719129
719130
719131
719132
719133
719134
719135
719136
719137
719138
719139
719140
719141
719142
719143
719144
719145
719146
719147
719148
719149
719150
719301
719302
719303
719305
719306
719307
719308
719309
719310
719311
719312
719313
719314
719315
719316
719317
719318
719319
719320
719321
719322
719323
719324
719451
719453
719454
719455
719456
719457
719458
719459
719460
719461
719462
719463
719464
719465
719701
719702
719703
719704
719705
719706
719707
719708
719709
719710
719711
719712
719713
719714
719715
719716
719717
719718
719719
719721
719722
719723
719724
719726
719727
719728
719729
719730
719731
719732
719733
719734
719735
719736
719737
719738
719739
719740
719741
719742
719743
719744
719746
719747
719748
719749
719751
719752
719753
719754
719755
719756
719757
719758
719759
719760
719761
719762
719763
719764
719765
719766
719768
719769
719770
719771
719772
719773
719774
719775
719776
719777
719778
719779
719780
719781
719782
719783
719784
719785
719786
719788
719789
719790
719791
719792
719793
719794
719795
719796
719797
719798
719800
719801
719802
719803
719804
719805
719806
719807
719808
719809
719810
719811
719812
719813
719814
719815
719816
719817
719818
719819
719820
719821
719822
719823
719824
720101
720102
720103
720104
720105
720106
720107
720108
720110
720111
720112
720201
720202
720203
720204
720205
720206
720207
720208
720209
720210
720211
720212
720214
720215
720216
720217
720218
720219
720220
720221
720222
720223
720224
720225
720226
720227
720228
720229
720230
720231
720232
720233
720234
720235
720236
720401
720402
720403
720411
720412
721001
721002
721004
721005
721006
721007
721008
721009
721010
721011
721012
721014
721017
721018
721019
721020
721021
721022
721023
721024
721025
721026
721027
721028
721029
721030
721031
721032
721033
721034
721035
721036
721040
721041
721043
721046
721047
721048
721049
721050
721051
721052
721054
721055
721056
721057
721058
721059
721061
721062
721063
721064
721065
721068
721069
721070
721071
721072
721073
721074
721075
721076
721078
721081
721082
721083
721084
721086
721087
721088
721089
721090
721091
721092
721093
721094
721096
721097
721100
721101
721102
721103
721104
721106
721107
721108
721109
721110
721111
721114
721115
721116
721117
721118
721119
721120
721121
721122
721123
721127
721128
721129
721130
721131
721132
721133
721134
721135
721351
721352
721353
721354
721355
721356
721357
721358
721359
721360
721361
721362
721363
721364
721365
721366
721367
721368
721369
721370
721371
721372
721373
721374
721375
721376
721377
721378
721379
721380
721381
721382
721383
721385
721386
721387
721388
721389
721390
721391
721392
721393
721394
721397
721398
721399
721400
721401
721402
721403
721404
721405
721406
721407
721408
721409
721410
721411
721412
721413
721414
721415
721416
721417
721418
721419
721420
721421
721422
721423
721424
721425
721426
721427
721429
721430
721431
721433
721434
721435
721436
721437
721438
721439
721440
721441
721442
721443
721444
721445
721446
721447
721448
721449
721450
721451
721452
721453
721454
721455
721456
721457
721458
721459
721460
721461
721462
721463
721464
721465
721466
721467
721468
721469
721470
721471
721472
721473
721474
721475
721478
721480
721481
721482
721483
721484
721485
721486
721487
721488
721489
721490
721491
721492
721493
721494
721495
721496
721497
721498
721499
721500
721501
721502
721503
721504
721505
721506
721507
721508
721509
721510
721511
721512
721513
721514
721515
721516
721517
721518
721519
721520
721521
721522
721523
721524
721525
721526
721527
721528
721529
721530
721531
721532
721533
721534
721535
721536
721537
721538
721539
721540
721541
721542
721543
721544
721545
721546
721547
721548
721549
721550
721551
721552
721553
721554
721555
721556
721557
721558
721559
721560
721561
721562
721563
721564
721565
721566
721567
721568
721569
721570
721571
721572
721573
721574
721575
721576
721577
721578
721579
721580
721581
721582
721583
721584
721585
721586
721587
721588
721590
721591
721592
721593
721594
721595
721596
721597
721598
721599
721600
721601
721602
722101
722102
722103
722104
722105
722106
722107
722108
722109
722110
722111
722112
722113
722114
722115
722116
722117
722118
722119
722120
722121
722122
722123
722124
722125
722251
722252
722253
722254
722255
722256
722257
722258
722259
722260
722261
722262
722263
722264
722265
722266
722267
722268
722269
722270
722271
722272
722273
722401
723001
723002
723003
723004
723005
723006
723007
723008
723009
723010
723011
723012
723014
723015
723016
723017
723018
723019
723020
723021
723022
723023
723024
723025
723026
723027
723028
723029
723030
723031
723032
723033
723034
723035
723036
723037
723038
723039
723040
723041
723042
723043
723044
723045
723046
723047
723048
723049
723050
723051
723052
723053
723054
723055
723056
723057
723058
723059
723060
723061
723062
723063
723064
723065
723066
723067
723068
723069
723070
723071
723072
723073
723074
723075
723076
723077
723078
723079
723080
723081
723082
723083
723084
723085
723086
723087
723088
723089
723090
723091
723092
723093
723094
723095
723096
723097
723098
723099
723100
723101
723102
723103
723104
723105
723106
723107
723108
723109
723110
723111
723112
723113
723114
723115
723116
723118
723119
723121
723122
723123
723124
723125
723126
723127
723128
723129
723130
723131
723132
723133
723134
723135
723136
723137
723138
723139
723140
723141
723142
723143
723144
723145
723146
723147
723148
723149
723150
723151
723152
723153
723154
723155
723156
723157
723158
723159
723160
723161
723162
723163
723164
723165
723166
723167
723168
723169
723170
723171
723172
723173
723174
723175
723176
723177
723178
723179
723180
723181
723452
723453
723455
723456
723551
723552
723553
723554
723555
723557
723558
723559
723560
723561
723562
723563
723564
723565
723566
723567
723569
723570
723571
723572
723573
723574
723575
723576
723577
723578
723579
723580
723582
723583
723584
723585
723586
723587
723588
723589
723590
723591
723592
723593
723594
723595
723596
723598
723599
723600
723601
723602
723603
723604
723605
723606
723608
723609
723610
723611
723612
723613
723614
723615
723616
723617
723619
723620
723621
723622
723623
723624
723625
723626
723627
723628
723629
723630
723631
723632
723633
723634
723635
723636
723637
723638
723639
723640
723641
723642
723643
723644
723645
723646
723647
723648
723649
723650
723651
723652
723653
723654
723655
723656
723657
723658
723659
723660
723661
723662
723663
723664
723665
723666
723667
723668
723669
723670
723671
723672
723673
723674
723675
723676
723677
723678
723679
723680
723681
723682
723683
723684
723685
723686
723687
723688
723689
723690
723691
723692
723693
723694
723695
723697
723698
723699
723700
723701
723702
723703
723704
723705
723706
723707
723708
723709
723710
723711
723712
723713
723714
723715
723716
723717
723718
723719
723720
723721
723722
723723
723724
723725
723726
723727
723728
723729
723730
723731
723732
723733
723734
723735
723736
723737
723738
723739
723740
723741
723742
723743
723744
723745
723746
723747
723748
723749
723750
723751
723752
723753
723754
723755
723756
723757
723758
723759
723761
723762
723763
723764
723765
723766
723767
723768
723769
723770
723771
723772
723773
723774
723775
723776
723777
723778
723779
723780
723781
723782
723783
723784
723785
723786
723787
723788
723789
723790
723791
723792
723793
723794
723795
723796
723797
723798
723799
723800
723801
723802
723803
723804
723805
723806
723807
723808
723809
723810
723811
723812
723813
723814
723815
723816
723817
723818
723819
723820
723821
723822
723823
723824
723825
723826
723827
723828
723829
723830
723831
723832
723833
723834
723835
723836
723837
723838
723839
723840
723841
723842
723843
723844
723845
723846
723847
723848
723849
723850
723851
723852
723853
723854
723855
723856
723857
723858
723859
723860
723861
723862
723863
723864
723865
723866
723867
723868
723869
723870
723871
723872
723873
723874
723875
723876
723877
723878
723879
723880
723881
723882
723883
723884
723885
723886
723887
723888
723890
723891
723892
723893
723894
724201
724202
724204
724205
724207
724208
724209
724210
724211
724213
724214
724215
724216
724217
724218
724219
724220
724221
724222
724223
724226
724227
724228
724229
724230
724231
724232
724233
724235
724236
724237
724238
724239
724240
724241
724242
724243
724244
724245
724246
724247
724249
724250
724251
724252
724254
724255
724256
724257
724259
724260
724263
724264
724265
724266
724267
724268
724269
724270
724271
724273
724274
724275
724276
724277
724278
724279
724280
724281
724282
724283
724285
724286
724287
724288
724290
724291
724292
724293
724294
724295
724296
724297
724298
724299
724300
724301
724302
724304
724305
724306
724307
724308
724309
724310
724311
724312
724313
724314
724315
724316
724317
724318
724319
724320
724322
724323
724324
724325
724326
724327
724329
724330
724331
724332
724333
724334
724335
724336
724338
724339
724340
724341
724342
724343
724344
724345
724346
724347
724348
724349
724351
724352
724353
724354
724356
724358
724359
724360
724361
724363
724364
724366
724367
724368
724369
724370
724371
724372
724373
724375
724376
724377
724379
724380
724381
724382
724383
724385
724386
724388
724389
724390
724391
724392
724393
724394
724396
724398
724399
724400
724401
724402
724404
724406
724408
724409
724651
724652
724653
724654
724851
724852
724853
724854
724856
724857
724858
724859
724860
724861
724863
724864
724865
724866
724867
724868
724869
724870
724871
724872
724873
724874
724875
724876
724877
724878
724879
725001
725002
725003
725004
725005
725006
725007
725008
725009
725010
725011
725012
725013
725014
725015
725016
725017
725018
725101
725102
725104
725105
725106
725107
725108
725109
725110
725201
725202
725203
725204
725302
725303
725304
725305
725306
725307
725308
725309
725310
725311
725312
725313
725314
725315
725316
725317
725318
725319
725320
725321
725322
725323
725324
725325
725326
725327
725328
725329
725330
725331
725332
725333
725334
725335
725336
725337
725338
725339
725340
725341
725342
725343
725344
725345
725346
725347
725348
725349
725350
725351
725352
725551
725552
725553
725554
725555
725556
725651
725652
725653
725654
725655
725656
725657
725658
725659
725660
725661
725662
725663
725664
725665
725666
725667
725668
725669
725670
725671
725672
725673
725674
725675
725676
725677
725678
725679
725680
725681
725682
725683
725684
725685
725686
725687
725688
725689
725690
725691
725692
725693
725694
725695
725696
725697
725698
725699
725700
725701
725702
725703
725704
725705
725706
725707
725708
725709
725710
725711
725712
725713
725715
725717
725718
725719
725720
725721
725722
725723
725724
725725
725726
725727
725728
725729
725730
725731
725732
725733
725734
725735
725736
725737
725738
725739
725740
725741
725742
725743
725744
725745
725746
725747
725748
725749
725750
725751
725752
725753
725754
725755
725756
725757
725758
725759
725760
725761
725762
725763
725764
725765
725766
725767
725768
725769
725770
725771
725772
725773
725774
725775
725776
725777
725778
725779
725780
725781
725782
725783
725784
725785
725786
725787
725788
725789
725790
725791
725792
725793
725794
725796
725797
725798
725799
725800
725801
725802
725803
725804
725805
725806
725807
725809
725810
725811
725812
725813
725814
725815
725816
725817
725818
725819
725820
725821
725822
725823
725824
725825
725826
725827
725828
725829
725830
725831
725832
725833
725834
725835
726051
726052
726053
726054
726055
726056
726057
726058
726059
726060
726061
726062
726151
726152
726153
726154
726155
726156
726157
726158
726159
726160
726161
726162
726351
726352
726353
726354
726355
726356
726357
726358
726359
726360
726361
726362
726363
726364
726365
726366
726367
726368
726369
726370
726371
726372
726373
726374
726375
726376
726501
726502
726503
726504
726505
726506
726507
726508
726509
726510
726511
726512
726513
726514
726515
726516
726517
726518
726651
726652
726653
726654
726655
726657
726658
726659
726660
726661
726662
726663
726664
726665
726666
726667
726668
726669
726670
726671
726672
726673
726674
726675
726676
726677
726678
726679
726680
726681
726682
726683
726684
726685
726686
726687
726688
726801
726802
726803
726804
726805
726806
726807
726808
726809
726810
726811
726812
726813
726814
726815
726816
726817
726818
726819
726820
726821
726822
726951
726952
726953
726954
726955
726956
726957
726958
726959
726960
726961
726962
726963
726964
726965
726966
726967
726968
727301
727302
727303
727304
727305
727306
727307
727308
727309
727310
727311
727312
727313
727314
727315
727316
727317
727318
727319
727320
727321
727401
727402
727406
727407
727409
727501
727502
727503
727504
727505
727506
727507
727508
727509
727510
727511
727512
727513
727514
727515
727516
727517
727518
727519
727520
727521
727522
727523
727524
727525
727526
727527
727528
727529
727530
727531
727532
727533
727534
727535
727536
727537
727538
727539
727540
727541
727542
727543
727544
727545
727546
727547
727548
727549
727550
727551
727552
727553
727554
727555
727556
727557
727558
727559
727560
727561
727562
727563
727564
727565
727566
727567
727568
727569
727570
727571
727572
727573
727574
727575
727576
727577
727578
727579
727580
727581
727582
727583
727584
727585
727586
727587
727588
727589
727590
727591
727592
727593
727594
727595
727596
727597
727598
727599
727600
727601
727602
727603
727604
727605
727606
727607
727608
727609
727610
727611
727612
727613
727614
727615
727616
727617
727618
727619
727620
727621
727622
727623
727624
727625
727626
727627
727628
727629
727630
727631
727632
727801
727802
727803
727804
727805
727806
727807
727808
727810
727811
727813
727814
727815
727816
727817
727818
727819
727820
727821
727822
727823
727824
727825
727826
727827
727828
727829
727830
727831
727832
727833
727834
727835
727837
727838
727839
727840
727841
727842
727843
727844
727845
727846
727847
727848
727849
727850
727851
727854
727855
727856
727857
727859
727860
727861
727862
727863
727864
727865
727866
727867
727868
727869
727870
727871
727872
727874
727875
727876
727877
727878
727879
727880
727881
727882
727883
727884
727885
727886
727887
727888
727889
727890
727891
727892
727893
727894
727895
727896
727897
727898
727899
727900
727901
727902
727903
727904
727907
727908
727909
727910
727911
727912
727913
727917
727918
727919
727920
727921
727922
727923
727924
727925
727926
727927
727928
727930
727931
727932
727933
727934
727935
727937
727938
727939
727940
727941
727942
727945
727946
727947
727948
727949
727950
727951
727952
727953
727954
727956
727959
727961
727962
727963
727964
727965
727966
727967
727968
727969
727971
727972
727973
727974
727975
727976
727977
727978
727979
727980
728251
728252
728253
728254
728256
728257
728258
728260
728261
728262
728263
728264
728266
728267
728268
728269
728270
728271
728272
728273
728274
728275
728276
728277
728278
728279
728280
728281
728282
728283
728284
728285
728286
728287
728451
728452
728453
728454
728455
728456
728457
728458
728459
728460
728461
728462
728463
728464
728465
728466
728467
728468
728469
728470
728471
728472
728473
728474
728475
728476
728477
728478
728479
728480
728481
728482
728483
728484
728485
728486
728601
728602
728603
728604
728605
728606
728607
728609
728610
728611
728613
728614
728615
728616
728617
728618
728619
728620
728621
728622
728623
728624
728625
728626
728628
728630
728631
728632
728633
728634
728635
728637
728638
728639
728640
728751
728752
728753
728754
728755
728756
728757
728758
728759
728760
728761
728762
728763
728764
728765
728851
728852
728853
728854
728855
728856
728857
728858
728859
728860
728862
728863
728864
728866
728867
729001
729002
729003
729004
729005
729006
729008
729009
729010
729011
729012
729013
729014
729015
729016
729017
729018
729019
729020
729021
729022
729023
729024
729026
729027
729028
729029
729030
729031
729032
729033
729034
729035
729036
729037
729038
729039
729040
729041
729042
729043
729044
729045
729046
729047
729048
729049
729050
729052
729053
729054
729055
729057
729058
729059
729060
729061
729062
729063
729064
729065
729066
729067
729068
729069
729071
729072
729073
729074
729075
729076
729077
729079
729080
729081
729082
729083
729084
729086
729087
729088
729089
729090
729094
729095
729096
729097
729098
729099
729100
729101
729102
729104
729105
729106
729107
729108
729109
729110
729111
729112
729113
729114
729116
729117
729118
729119
729120
729121
729122
729123
729124
729125
729127
729128
729129
729130
729131
729132
729133
729134
729135
729136
729137
729138
729139
729140
729141
729142
729143
729144
729145
729146
729147
729148
729149
729150
729151
729152
729153
729155
729156
729157
729158
729159
729160
729161
729162
729163
729164
729165
729166
729167
729168
729170
729171
729172
729173
729174
729176
729177
729178
729179
729180
729181
729182
729183
729184
729185
729186
729187
729188
729189
729190
729191
729192
729193
729194
729195
729196
729197
729198
729199
729200
729201
729202
729203
729204
729205
729207
729210
729211
729213
729215
729217
729218
729219
729220
729221
729222
729223
729224
729227
729228
729229
729230
729231
729232
729234
729237
729238
729240
729241
729243
729244
729245
729246
729247
729248
729249
729250
729252
729254
729256
729257
729258
729259
729261
729262
729263
729264
729265
729267
729268
729269
729271
729272
729273
729274
729277
729279
729280
729281
729283
729285
729286
729287
729288
729289
729551
729552
729553
729554
729555
729556
729557
729558
729559
729560
729561
729562
729563
729564
729565
729566
729567
729568
729569
729570
729571
729572
729573
729574
729575
729576
729577
729578
729580
729581
729582
729583
729584
729701
729703
729704
729705
729706
729707
729708
729709
729710
729711
729712
729714
729715
729716
729717
729718
729719
729720
729721
729722
729723
729724
729725
729726
729727
729728
729729
729730
729731
729733
729734
729737
729738
729739
729740
729741
729742
729743
729744
729745
729747
729748
729749
729750
729751
729752
729753
729754
729755
729757
729758
729759
729760
729761
729762
729763
729764
729765
729766
729767
729768
729769
729770
729771
729772
729773
729774
729775
729776
729777
729778
729779
729780
729781
729782
729783
729785
729786
729787
729788
729789
729790
729791
729792
729793
729794
729795
729796
730001
730003
730005
730006
730008
730009
730010
730011
730012
730013
730014
730015
730016
730017
730018
730019
730020
730021
730022
730023
730024
730025
730026
730027
730028
730029
730030
730031
730032
730033
730034
730035
730036
730037
730038
730039
730040
730041
730043
730044
730045
730046
730048
730049
730050
730051
730052
730053
730054
730055
730056
730057
730058
730059
730060
730061
730062
730063
730064
730066
730067
730068
730069
730070
730071
730072
730073
730074
730075
730076
730077
730078
730079
730080
730081
730082
730083
730084
730085
730086
730087
730088
730089
730090
730091
730092
730093
730094
730095
730097
730099
730100
730101
730102
730103
730104
730105
730107
730108
730110
730111
730112
730113
730114
730116
730117
730118
730119
730120
730121
730122
730123
730124
730125
730126
730127
730128
730129
730130
730131
730132
730133
730134
730135
730136
730137
730138
730139
730140
730141
730142
730143
730144
730145
730147
730148
730149
730150
730151
730152
730153
730154
730155
730156
730157
730158
730159
730160
730161
730162
730163
730164
730165
730166
730167
730168
730169
730170
730171
730172
730173
730174
730175
730176
730177
730178
730179
730180
730181
730182
730183
730185
730186
730187
730188
730189
730190
730191
730192
730193
730194
730195
730196
730198
730199
730200
730201
730202
730203
730204
730205
730206
730207
730208
730209
730210
730211
730212
730213
730214
730215
730216
730217
730218
730219
730220
730222
730223
730224
730225
730226
730227
730228
730229
730230
730231
730232
730233
730234
730235
730236
730237
730238
730239
730240
730241
730242
730243
730244
730245
730246
730247
730248
730249
730250
730251
730252
730253
730254
730255
730256
730257
730258
730259
730260
730261
730262
730263
730264
730265
730266
730267
730268
730269
730270
730271
730272
730273
730274
730275
730277
730278
730279
730280
730281
730282
730283
730284
730285
730286
730287
730288
730290
730291
730292
730293
730294
730295
730296
730297
730298
730299
730300
730301
730302
730303
730304
730305
730306
730307
730309
730310
730311
730312
730313
730314
730315
730316
730317
730318
730319
730320
730321
730322
730323
730324
730325
730326
730327
730328
730329
730330
730332
730335
730336
730337
730338
730339
730340
730341
730342
730343
730344
730345
730346
730347
730348
730349
730350
730351
730352
730354
730355
730356
730357
730358
730359
730360
730361
730362
730363
730364
730365
730366
730367
730368
730369
730370
730371
730372
730373
730374
730375
730376
730377
730378
730379
730381
730382
730383
730384
730385
730386
730387
730388
730389
730390
730391
730392
730393
730394
730395
730396
730397
730398
730399
730400
730401
730402
730403
730404
730405
730406
730407
730408
730409
730410
730411
730412
730413
730414
730415
730416
730417
730418
730419
730420
730421
730422
730423
730424
730425
730426
730427
730428
730429
730430
730431
730432
730433
730751
730752
730753
730754
730755
730756
730757
730758
730759
730760
730761
730762
730763
730764
730765
730766
730767
730768
730769
730770
730771
730772
730773
730774
730775
730776
730777
730778
730779
730780
730781
730782
730783
730784
730785
730786
730787
730788
730789
730790
730791
730792
730793
730794
730795
730796
730797
730798
730799
730800
730801
730802
730803
730804
730805
730806
730807
730808
730809
730810
730811
730812
730813
730814
730815
730816
730817
730818
730819
730820
730821
730822
730823
730824
730825
730826
730827
730828
730829
730830
730831
730832
730833
730834
730835
730836
730837
730838
730839
730840
730841
730842
730843
730844
730845
730846
730847
730848
730849
730850
730851
730852
730853
730854
730855
730856
730857
730858
730859
730860
730861
730862
730863
730864
730865
731051
731053
731054
731056
731057
731058
731059
731060
731061
731062
731063
731064
731065
731066
731067
731068
731069
731070
731071
731072
731073
731074
731075
731076
731077
731079
731080
731081
731082
731083
731084
731085
731086
731087
731089
731090
731091
731094
731095
731097
731098
731099
731100
731101
731102
731104
731105
731106
731107
731108
731109
731111
731112
731113
731114
731115
731116
731117
731118
731119
731120
731121
731122
731123
731124
731125
731126
731127
731128
731129
731130
731131
731133
731134
731135
731136
731137
731138
731139
731140
731141
731142
731143
731144
731145
731146
731147
731148
731149
731150
731151
731153
731154
731155
731156
731158
731159
731160
731161
731162
731163
731164
731165
731166
731167
731168
731169
731170
731171
731172
731173
731174
731176
731177
731178
731179
731180
731181
731182
731183
731184
731185
731187
731188
731189
731190
731191
731192
731193
731194
731195
731196
731197
731198
731199
731200
731201
731202
731203
731204
731205
731206
731207
731208
731209
731210
731211
731212
731213
731214
731216
731217
731219
731220
731221
731225
731226
731227
731228
731229
731230
731231
731232
731233
731234
731236
731237
731238
731240
731241
731242
731244
731245
731246
731247
731248
731249
731250
731251
731252
731254
731255
731256
731257
731258
731259
731260
731261
731262
731263
731265
731266
731267
731268
731269
731270
731271
731273
731274
731275
731277
731279
731280
731281
731282
731285
731286
731287
731289
731290
731291
731292
731293
731294
731296
731297
731298
731299
731300
731301
731302
731303
731304
731551
731552
731553
731554
731555
731556
731557
731558
731559
731560
731561
731562
731651
731652
731653
731654
731655
731656
731657
731658
731659
731660
731661
731662
731663
731665
731666
731667
731668
731669
731670
731671
731672
731673
731674
731675
731676
731677
731678
731679
731680
731681
731682
731683
731684
731685
731686
731687
731688
731689
731690
731691
731692
731693
731694
731695
731696
731697
731698
731699
731700
731701
731702
731703
731704
731705
731707
731708
731709
731710
731712
731713
731714
731715
731716
731717
731718
731719
731721
731722
731723
731724
731725
731726
731727
731728
731729
731730
731731
731732
731733
731734
731735
731736
731737
731738
731739
731740
731741
731742
731743
731744
731745
731746
731747
731748
731749
731750
731751
731752
731753
731754
731755
731757
731758
731759
731760
731761
731762
731763
731764
731765
731766
731767
731768
731769
731770
731771
731772
731773
731774
731775
731776
731777
731778
731779
731780
731781
731782
731783
731784
731785
731786
731787
731788
731789
731790
731791
731792
731793
731794
731795
731796
731797
731798
731799
731800
731801
731802
731803
731804
731805
731806
731807
731808
731809
731810
731811
731812
731813
731814
731815
731816
731817
731818
731819
731820
731821
731822
731823
731825
731826
731827
731828
731829
731830
731831
731832
731833
731834
731835
731836
731837
731838
731839
731840
731841
731842
731843
731844
731845
731846
731848
731849
731850
731851
731852
731853
731856
731857
731858
731859
731860
731861
731862
731863
731864
731865
731866
731867
731868
731869
731870
731871
731872
731873
731874
731875
731876
731877
731878
731879
731880
731881
731882
731883
731885
731886
731887
731889
731890
731891
731892
731893
731894
731895
732151
732152
732153
732154
732155
732156
732157
732158
732159
732160
732161
732162
732163
732164
732165
732166
732167
732168
732169
732170
732171
732172
732174
732175
732351
732352
732353
732354
732355
732356
732357
732359
732360
732361
732362
732363
732364
732365
732366
732367
732368
732369
732370
732371
732372
732373
732374
732375
732376
732377
732379
732380
732381
732382
732383
732501
732502
732503
732701
732802
732803
732804
732805
732806
732807
732808
732809
732810
732811
732812
732813
732814
732815
732816
732817
732818
732819
732820
732821
732822
732823
732824
732825
732826
732828
732901
732902
732903
732905
732906
732907
732908
732909
732910
732911
732912
732913
732914
732915
732916
732917
732918
732919
732920
732921
732922
732923
732924
732925
732926
732927
732928
732930
732931
732932
732933
732934
732935
732936
732937
732939
732940
732941
732942
732943
732944
732945
732946
732947
732948
732949
732950
732951
732952
732953
732954
732955
732956
732957
732958
732960
732961
732962
732963
732964
732965
732966
732967
732968
732969
732970
732971
732972
732973
732974
732975
732976
732977
732978
732979
732980
732983
732984
732985
732986
732987
732988
732989
732990
732991
732992
732993
732994
732995
732996
732997
732998
732999
733000
733001
733002
733003
733004
733005
733006
733007
733008
733010
733011
733012
733013
733014
733015
733016
733017
733018
733019
733020
733021
733022
733023
733024
733025
733026
733027
733028
733029
733031
733032
733033
733034
733035
733036
733038
733039
733040
733041
733042
733043
733044
733045
733046
733047
733049
733050
733051
733054
733055
733056
733057
733058
733059
733060
733061
733062
733063
733064
733065
733066
733067
733068
733070
733071
733072
733074
733075
733076
733077
733078
733079
733080
733081
733082
733083
733084
733085
733086
733087
733088
733089
733090
733091
733092
733093
733094
733095
733096
733097
733098
733099
733100
733101
733102
733103
733104
733105
733107
733351
733352
733355
733356
733357
733358
733359
733360
733361
733362
733363
733365
733366
733367
733368
733374
733376
733377
733378
733380
733381
733382
733383
733384
733385
733386
733387
733388
733389
733390
733391
733392
733393
733394
733396
733397
733398
733399
733400
733401
733402
733406
733408
733409
733410
733411
733412
733413
733415
733418
733419
733420
733421
733422
733424
733425
733426
733427
733428
733430
733431
733432
733434
733435
733436
733438
733439
733440
733442
733444
733445
733448
733449
733450
733453
733701
733702
733703
733704
733705
733706
733707
733708
733709
733710
733711
733712
733713
733715
733716
733717
733718
733719
733901
733971
734001
734002
734003
734004
734005
734006
734007
734008
734009
734010
734011
734012
734013
734014
734015
734016
734017
734018
734019
734020
734021
734022
734023
734024
734025
734026
734027
734028
734029
734030
734031
734032
734033
734034
734036
734037
734038
734039
734040
734041
734042
734044
734045
734046
734048
734049
734050
734051
734052
734053
734054
734055
734056
734058
734060
734061
734062
734063
734064
734065
734066
734068
734069
734070
734071
734072
734074
734075
734076
734077
734078
734079
734080
734081
734082
734083
734084
734085
734086
734087
734088
734089
734090
734091
734092
734093
734094
734095
734096
734097
734098
734099
734100
734101
734102
734103
734104
734105
734106
734301
734302
734303
734304
734452
734453
734454
734455
734456
734457
734459
734460
734461
734462
734463
734464
734465
734466
734467
734468
734469
734470
734471
734472
734473
734474
734475
734476
734477
734479
734480
734482
734483
734484
734485
734486
734487
734488
734489
734490
734491
734492
734493
734494
734495
734496
734497
734498
734499
734500
734501
734502
734503
734504
734506
734507
734508
734509
734701
734702
734703
734704
734705
734706
734707
734708
734709
734710
734711
734712
734713
734714
734715
734716
734717
734718
734719
734720
734721
734722
734723
734724
734725
734851
734852
734854
734856
734857
734858
734859
734860
734861
734862
734863
735002
735003
735004
735005
735006
735007
735008
735009
735010
735011
735012
735013
735014
735015
735016
735017
735018
735020
735022
735023
735024
735025
735027
735028
735029
735151
735152
735154
735155
735156
735157
735158
735159
735160
735161
735163
735164
735165
735166
735167
735169
735170
735171
735172
735173
735174
735175
735176
735177
735178
735179
735180
735182
735183
735184
735185
735186
735187
735188
735189
735191
735192
735193
735194
735195
735196
735251
735252
735253
735254
735255
735256
735257
735258
735259
735260
735261
735262
735263
735264
735265
735266
735401
735551
735552
735553
735555
735556
735557
735562
735563
735564
735565
735566
735567
735568
735570
735571
735572
735574
735575
735576
735701
735702
735703
735704
736001
736002
736003
736004
736005
736006
736007
736010
736011
736012
736013
736014
736015
736016
736017
736018
736019
736020
736021
736022
736023
736024
736025
736027
736028
736029
736030
736031
736032
736033
736034
736035
736037
736040
736041
736042
736043
736044
736046
736047
736048
736049
736050
736051
736052
736054
736055
736056
736057
736058
736059
736061
736062
736063
736064
736065
736066
736067
736068
736069
736070
736071
736072
736073
736074
736075
736076
736079
736080
736081
736082
736083
736085
736087
736088
736089
736090
736091
736092
736093
736094
736095
736096
736097
736098
736099
736100
736101
736102
736103
736104
736105
736106
736107
736108
736109
736110
736111
736112
736113
736114
736115
736116
736117
736119
736120
736121
736122
736123
736124
736125
736126
736127
736128
736132
736134
736135
736302
736303
736304
736305
736306
736307
736308
736309
736310
736311
736312
736313
736314
736315
736318
736319
736320
736321
736322
736323
736324
736325
736326
736327
736328
736329
736331
736332
736333
736334
736335
736336
736337
736338
736339
736340
736341
736343
736344
736345
736348
736349
736350
736351
736352
736353
736355
736356
736357
736358
736359
736360
736361
736362
736363
736364
736365
736366
736367
736368
736370
736374
736375
736376
736377
736378
736380
736381
736382
736383
736384
736385
736387
736389
736390
736391
736392
736393
736394
736395
736396
736397
736398
736399
736400
736401
736402
736403
736404
736405
736406
736408
736409
736410
736411
736412
736413
736414
736415
736416
736417
736418
736419
736420
736421
736422
736423
736424
736425
736426
736427
736428
736429
736430
736431
736432
736433
736434
736435
736436
736437
736438
736439
736440
736441
736442
736443
736444
736445
736446
736447
736448
736449
736450
736451
736452
736453
736454
736455
736456
736457
736458
736459
736460
736461
736462
736463
736464
736465
736466
736467
736468
736469
736470
736471
736472
736473
736474
736475
736476
736477
736478
736479
736480
736481
736482
736483
736484
736485
736486
736488
736489
736490
736491
736493
736494
736495
736496
736497
736498
736499
736500
736501
736502
736504
736505
736507
736508
736509
736511
736512
736513
736514
736515
736516
736517
736518
736519
736520
736521
736522
736523
736524
736525
736526
736527
736528
736530
736531
736532
736533
736534
736535
736536
736537
736538
736540
736541
736543
736544
736545
736546
736547
736548
736549
736550
736551
736552
736553
736554
736555
736556
736557
736559
736560
736561
736563
736564
736565
736566
736567
736568
736569
736570
736571
736572
736574
736575
736576
736577
736578
736579
736580
736581
736582
736583
736584
736585
736586
736587
736588
736589
736590
736591
736592
736595
736598
736600
737001
737002
737003
737004
737005
737006
737007
737008
737009
737010
737101
737102
737103
737104
737105
737106
737107
737108
737109
737110
737111
737112
737113
737114
737115
737116
737117
737118
737119
737120
737121
737122
737123
737124
737125
737126
737127
737128
737129
737301
737302
737303
737304
737305
737306
737307
737308
737309
737310
737311
737312
737313
737314
737315
737316
737317
737318
737319
737320
737321
737322
737323
737324
737325
737326
737327
737328
737329
737330
737331
737332
738001
738002
738003
738004
738005
738006
738007
738008
738009
738101
738102
738103
738104
738105
738108
738109
738110
738201
738202
738203
738301
738302
738303
738304
738305
738306
738307
738308
738309
738310
738311
738312
738313
738314
738315
738316
738317
738318
738319
738320
738321
738451
738452
738453
738454
738455
738456
738457
738551
738552
738553
738554
738555
738556
738557
738558
738559
738560
738561
738562
738563
738564
738565
738566
738567
738568
738569
738570
738571
738574
738575
738576
738577
738578
738579
738580
738581
738582
738583
738584
738585
738586
738588
738651
738652
738653
738654
738655
738656
738657
738658
738659
738660
738661
738662
738663
738664
738665
738666
738668
738669
738670
738671
738672
738673
738674
738675
738676
738677
738679
738680
738681
738682
738683
738684
738685
738686
738687
738688
738689
738690
738691
738693
738694
738695
738696
738697
738699
738700
738701
738702
738703
738704
738705
738706
738709
738710
738711
738712
738713
738714
738715
738716
738717
738718
738719
738720
738721
738722
738723
738724
738726
738727
738728
738729
738730
738731
738732
738733
738734
738735
738736
738737
738738
738739
738740
738741
738742
738743
738744
738745
738746
738747
738748
738749
738750
738751
738752
738753
738754
738755
738756
738757
738758
738759
738760
738761
738762
738763
738764
738765
738767
738768
738769
738770
738771
738772
738773
738774
738775
738776
738777
738778
738779
738780
738781
738782
738783
738784
738785
738786
738787
738788
738789
738790
738791
738792
738793
738794
738795
738796
738797
738798
738799
738800
738801
738802
738803
738804
738806
738807
738808
738809
738810
738811
738812
738813
738814
738815
738816
738817
738818
738819
738820
738821
738822
738823
738824
738825
738826
738827
738828
738829
738830
738831
738832
738833
738834
738835
738836
738837
738838
738839
738840
738841
738842
738844
738845
738846
738848
738849
738850
738851
738852
738853
738854
738855
738856
738857
738858
738859
738863
738864
738866
738867
738868
738869
738870
738871
738872
738873
738874
738875
738876
738877
738878
738879
738880
738881
738882
738883
738884
738885
738886
738887
738888
738889
738890
738891
738892
738893
738894
738895
738896
738897
738898
738899
738900
738901
738902
738903
738904
738905
738906
738907
738908
738909
738910
738911
738912
738913
738914
738915
738916
738917
738918
738919
738920
738922
738923
738924
738925
738926
738927
739251
739252
739253
739254
739256
739257
739258
739259
739260
739261
739262
739263
739264
739265
739266
739267
739268
739269
739270
739271
739272
739273
739274
739275
739276
739277
739278
739279
739280
739281
739282
739283
739284
739285
739286
739287
739401
739402
739403
739404
739405
739406
739407
739408
739501
739502
739503
739504
739505
739506
739507
739508
739509
739601
739801
739802
739803
739804
740001
740002
740003
740004
740005
740006
740007
740008
740009
740010
740011
740012
740013
740014
740015
740016
740017
740018
740019
740020
740021
740022
740023
740024
740025
740026
740027
740028
740029
740030
740031
740032
740033
740034
740035
740036
740037
740038
740039
740040
740041
740042
740043
740044
740045
740046
740047
740048
740049
740050
740051
740052
740053
740054
740055
740057
740058
740059
740060
740062
740063
740064
740065
740066
740068
740069
740070
740071
740072
740073
740075
740076
740077
740078
740079
740080
740082
740083
740084
740086
740087
740088
740089
740091
740093
740251
740252
740253
740254
740255
740256
740257
740258
740259
740260
740261
740262
740263
740264
740265
740266
740267
740268
740269
740270
740351
740352
740353
740354
740355
740356
740357
740358
740359
740360
740451
740452
740453
740454
740455
740701
740702
740703
740704
740705
740706
740709
740710
740711
740712
740713
740714
740715
740716
740718
740719
740720
741001
741002
741003
741004
741005
741006
741007
741008
741009
741010
741012
741013
741014
741015
741016
741017
741018
741019
741020
741021
741022
741024
741025
741026
741027
741028
741029
741030
741031
741032
741033
741034
741035
741036
741037
741038
741039
741040
741041
741042
741043
741044
741045
741046
741047
741048
741049
741050
741051
741052
741054
741055
741056
741057
741058
741059
741060
741061
741063
741064
741065
741066
741067
741068
741069
741070
741071
741072
741073
741074
741075
741076
741077
741078
741079
741080
741082
741084
741085
741086
741089
741090
741091
741092
741093
741094
741095
741096
741097
741098
741099
741100
741103
741104
741105
741106
741107
741109
741110
741111
741113
741114
741115
741116
741117
741118
741121
741251
741252
741253
741255
741256
741257
741301
741302
741303
741304
741305
741306
741307
741308
741309
741310
741311
741312
741313
741314
741315
741316
741317
741319
741320
741321
741322
741323
741324
741325
741326
741327
741328
741329
741330
741331
741332
741333
741335
741336
741337
741338
741339
741340
741341
741342
741343
741344
741345
741347
741348
741349
741350
741351
741352
741353
741354
741355
741356
741357
741358
741360
741361
741362
741363
741364
741365
741366
741367
741368
741369
741370
741371
741372
741373
741374
741375
741376
741377
741378
741379
741380
741382
741383
741384
741385
741386
741387
741388
741389
741390
741391
741392
741393
741394
741395
741396
741397
741398
741399
741400
741401
741402
741403
741404
741405
741406
741407
741408
741409
741413
741415
741416
741417
741418
741419
741421
741423
741601
741602
741603
741604
741605
741606
741607
741608
741609
741610
741611
741612
741613
741614
741615
741616
741617
741618
741619
741620
741621
741622
741623
741624
741625
741626
741627
741628
741629
741630
741631
741632
741633
741634
741635
741636
741637
741638
741639
741640
741641
741642
741643
741645
741646
741647
741648
741649
741650
741651
741652
741653
741654
741655
741656
741657
741658
741659
741660
741661
741662
741663
741664
741665
741666
741667
741668
741669
741670
741671
741672
741673
741674
741675
741676
741677
741678
741679
741680
741681
741683
741684
741685
741686
741687
741688
741689
741690
741691
741693
741694
741695
741696
741697
741698
741699
741700
741701
741702
741703
741704
741705
741706
741707
741708
741709
741710
741711
741712
741713
741714
741715
741716
741717
741718
741719
741720
741721
741722
741723
741724
741725
741726
741727
741728
741729
741730
741731
741732
741733
741734
741735
741736
741737
741738
741739
741740
741741
741742
741743
741744
741745
741746
741747
741748
741749
741750
741751
741752
741753
741754
741756
741757
741758
741759
741760
741762
741763
741764
741765
742051
742052
742053
742054
742055
742151
742152
742153
742155
742156
742157
742158
742159
742160
742161
742162
742163
742164
742165
742166
742167
742168
742169
742170
742171
742172
742173
742174
742175
742176
742177
742178
742179
742180
742181
742182
742183
742184
742185
742186
742187
742188
742189
742190
742191
742193
742194
742195
742196
742197
742198
742199
742200
742201
742202
742203
742205
742206
742207
742208
742209
742210
742211
742212
742213
742214
742215
742216
742217
742218
742219
742220
742221
742222
742223
742224
742225
742227
742228
742229
742230
742231
742232
742233
742234
742235
742236
742237
742238
742239
742240
742241
742242
742243
742245
742246
742247
742248
742250
742251
742252
742256
742257
742258
742401
742402
742403
742404
742405
742406
742407
742502
742504
742505
742506
742507
742508
742509
742510
742511
742513
742514
742516
742517
742518
742519
742520
742521
742523
742524
742525
742527
742528
742529
742530
742531
742532
742533
742536
742537
742538
742539
742540
742541
742542
742544
742545
742546
742548
742549
742550
742551
742552
742553
742554
742555
742556
742558
742559
742560
742561
742562
742563
742564
742565
742566
742567
742568
742569
742570
742571
742572
742573
742574
742575
742576
742577
742578
742579
742580
742581
742582
742583
742585
742586
742587
742588
742589
742590
742591
742592
742593
742594
742595
742596
742598
742599
742600
742601
742602
742603
742604
742605
742606
742607
742608
742609
742610
742611
742612
742613
742614
742615
742617
742618
742851
742852
742853
742854
742855
742856
742857
742858
742859
742860
742951
742952
742953
742954
742955
742956
742957
742958
742959
742960
742961
742962
742963
742964
742965
742966
742967
742968
742969
742970
742971
742972
742973
742974
742975
742976
742977
742978
742979
742980
742981
742982
742983
742984
742985
742986
742987
742988
742989
742990
742991
742992
742993
742994
742995
742996
742997
743251
743252
743253
744001
744002
744003
744004
744005
744006
744007
744008
744009
744010
744011
744013
744014
744015
744016
744017
744018
744019
744020
744021
744022
744023
744024
744025
744026
744027
744028
744029
744030
744031
744032
744201
744202
744203
744204
744205
744206
744207
744208
744209
744210
744211
744212
744213
744214
744215
744216
744217
744218
744219
744220
744221
744222
744223
744224
744601
744602
744603
744604
744605
744606
744607
744608
744609
744610
744611
744612
744613
744614
744615
744616
744617
744751
744752
744753
744754
744851
744852
744853
744854
744855
744856
744857
744858
744859
744861
744862
744863
744864
744865
744866
744867
744868
744870
744871
744872
744873
744874
744875
745001
745002
745003
745004
745005
745006
745007
745008
745009
745010
745011
745012
745014
745015
745016
745017
745018
745019
745020
745021
745022
745023
745024
745026
745027
745028
745029
745030
745031
745032
745033
745034
745035
745036
745037
745038
745040
745041
745042
745043
745044
745045
745047
745048
745049
745050
745051
745052
745054
745055
745056
745057
745251
745252
745253
745254
745255
745256
745257
745258
745259
745260
745261
745262
745263
745264
745601
745602
745604
745605
745606
745607
745608
745609
745610
745612
745613
745614
745615
745616
745617
745618
745619
745620
745621
745622
745623
745624
745625
745626
745627
745628
745629
745630
745631
745632
745633
745634
745635
745636
745637
745638
745639
745640
745641
745642
745643
745644
745645
745646
745647
745649
745650
745652
745653
745654
745655
745656
745657
745658
745659
745660
745661
745662
745663
745664
745665
745666
745667
745668
745669
745670
745671
745672
745673
745674
745675
745676
745677
745678
745679
745680
745681
745682
745683
745684
745685
745686
745688
745689
745690
745691
745692
745693
745694
745695
745696
745697
745698
745699
745701
745702
745703
745704
745705
745706
745707
745708
745710
745901
745903
745904
745905
745906
746001
746002
746003
746004
746005
746006
746007
746008
746009
746010
746011
746012
746301
746302
746303
746304
746305
746306
746307
746308
746309
746310
746311
746312
746313
746314
746315
746316
746317
746318
746319
746320
746321
746322
746323
746324
746325
746326
746327
746328
746329
746330
746331
746332
746333
746334
746335
746336
746337
746338
746339
746340
746341
746342
746343
746344
746345
746346
746347
746348
746349
746350
746351
746352
746353
746354
746355
746379
746380
746381
746382
746383
746384
746385
746386
746551
746552
746553
746554
746555
746556
746557
746558
746559
746560
746561
746562
746563
746651
746652
746653
746654
746655
746656
746657
746658
746659
746660
746661
746662
746663
746664
746665
746666
746667
746668
746669
746670
746671
746672
746673
746674
746675
746676
746677
746678
746679
746680
746681
746801
746802
746803
746804
746805
746806
746807
746808
746809
746810
746811
746812
746813
746814
746815
746816
746817
746818
746819
746820
746821
746822
746823
746824
746825
746826
746827
746828
746829
746830
746831
746832
746833
746834
746951
746952
746953
746954
746955
746956
746957
746958
746959
746960
746961
746963
746964
746965
746966
746967
746968
746969
746970
746971
746972
746973
746974
746975
746976
746977
746978
746979
746980
746981
746982
746983
746984
746985
746986
746987
746988
746989
746990
746991
746992
746993
746994
746995
746996
746997
746998
746999
747000
747001
747002
747004
747005
747006
747007
747008
747009
747010
747011
747012
747013
747014
747015
747016
747017
747018
747019
747020
747021
747022
747023
747024
747025
747026
747027
747028
747029
747030
747032
747034
747035
747036
747037
747038
747039
747040
747041
747042
747043
747044
747045
747046
747047
747048
747049
747050
747051
747052
747053
747054
747055
747056
747057
747058
747059
747060
747061
747062
747063
747064
747065
747066
747067
747068
747069
747070
747071
747072
747073
747074
747075
747076
747077
747078
747079
747080
747081
747082
747083
747084
747085
747086
747087
747088
747089
747090
747091
747092
747093
747094
747095
747201
747202
747203
747204
747205
747206
747207
747208
747209
747210
747211
747213
747214
747215
747501
747502
747503
747504
747505
747506
747508
747509
747510
747511
747512
747513
747514
747515
747601
747602
747603
747604
747605
747606
747607
747608
747609
747610
747611
747612
747613
747614
747615
747616
747617
747618
747619
747620
747621
747622
747623
747624
747626
747627
747628
747629
747630
747631
747632
747633
747634
747636
747637
747638
747639
747640
747641
747642
747643
747644
747645
747646
747647
747648
747649
747650
747651
747652
747653
747654
747655
747656
747657
747658
747659
747660
747661
747662
747663
747664
747665
747666
747667
747668
747669
747670
747671
747672
747673
747674
747675
747676
747677
747678
747679
747680
747681
747682
747683
747684
747685
747686
747687
747688
747689
747690
747691
747692
747693
747694
747695
747696
747697
747698
747699
747700
747701
747702
747703
747704
747705
747706
747707
747708
747709
747710
747711
747712
747713
747714
747715
747716
747717
747718
747719
747720
747721
747722
747723
747724
747725
747726
747727
747728
747729
747730
747731
747732
747733
747734
747735
747736
747737
747738
747739
747740
747741
747742
747743
747744
747745
747746
747747
747748
747749
747750
747751
747752
747753
747754
747755
747756
747757
747758
747759
747760
747761
747762
747763
747764
747765
747766
747767
747768
747769
747770
747771
747772
747773
747774
747775
747776
747777
747778
747779
747780
747781
747782
747783
747784
747785
747786
747787
747788
747789
747790
747792
747793
747794
747795
747796
747797
747798
747799
747800
747801
747802
747803
747804
747805
747806
747807
747808
747811
747812
747813
747814
747815
747816
747817
747818
747819
747820
747821
747822
747823
747824
747825
747826
747827
747828
747829
747830
747831
747832
747833
747834
747835
747836
747837
747838
747839
747840
747841
747842
747843
747844
747845
747846
747847
747848
747849
747850
747851
747852
747853
747854
747855
747856
747857
747858
747859
747860
747861
747862
747863
747864
747867
747869
747870
747872
747873
747874
747875
747876
747877
748101
748102
748103
748104
748105
748106
748107
748108
748109
748110
748111
748112
748113
748114
748115
748116
748117
748118
748119
748120
748121
748122
748123
748124
748125
748126
748127
748128
748129
748130
748131
748132
748133
748134
748135
748136
748137
748138
748139
748140
748141
748142
748143
748144
748145
748146
748147
748148
748149
748150
748151
748152
748153
748154
748155
748156
748157
748158
748159
748160
748161
748162
748163
748164
748165
748166
748167
748168
748169
748170
748171
748172
748173
748174
748175
748176
748177
748178
748179
748180
748181
748182
748183
748184
748185
748186
748187
748188
748189
748190
748191
748192
748193
748194
748195
748197
748198
748199
748200
748201
748202
748203
748205
748206
748207
748208
748209
748210
748211
748212
748213
748214
748215
748216
748217
748218
748219
748220
748221
748222
748223
748224
748225
748226
748227
748228
748229
748230
748231
748232
748233
748234
748235
748236
748237
748238
748239
748240
748241
748242
748243
748244
748245
748246
748247
748248
748249
748250
748251
748252
748253
748254
748255
748256
748257
748258
748259
748260
748261
748262
748263
748264
748265
748266
748267
748268
748269
748270
748271
748272
748273
748274
748275
748276
748277
748278
748279
748280
748281
748282
748283
748284
748285
748286
748287
748288
748289
748290
748291
748292
748293
748294
748295
748296
748297
748298
748299
748300
748301
748302
748303
748304
748305
748306
748307
748308
748309
748310
748311
748312
748313
748314
748315
748316
748317
748318
748319
748320
748321
748322
748323
748324
748325
748326
748327
748328
748329
748330
748331
748332
748333
748334
748335
748338
748339
748340
748341
748342
748343
748344
748345
748346
748347
748348
748349
748350
748351
748352
748353
748354
748355
748356
748357
748358
748359
748360
748361
748362
748363
748364
748365
748366
748367
748368
748369
748370
748371
748372
748373
748374
748375
748376
748377
748378
748379
748380
748381
748382
748383
748384
748385
748386
748387
748388
748389
748390
748391
748392
748393
748394
748395
748396
748397
748398
748399
748401
748402
748403
748405
748407
748408
748409
748410
748411
748412
748414
748415
748416
748417
748418
748419
748420
748422
748423
748424
748425
748426
748427
748428
748429
748430
748431
748432
748433
748434
748435
748436
748701
748702
748703
748704
748705
748706
748707
748708
748709
748710
748711
748712
748713
748714
748715
748716
748717
748718
748719
748720
748852
748854
748855
748856
748857
748858
748859
748860
748861
748862
748863
748864
748865
748866
748867
748868
748870
748871
748872
748873
748874
748875
748876
748877
748878
748879
748880
748881
748882
748883
748884
748885
748886
748887
748888
748889
748890
748891
748892
748894
748895
748896
748897
748898
748899
748900
748901
748902
748904
748905
748906
748908
748909
748910
748911
748912
748913
748914
748916
748917
748918
748919
748920
748921
748922
748923
748924
748926
748927
748928
748929
748931
748932
748933
748934
748935
748936
748937
748938
748939
748940
748941
748942
748943
748944
748945
748946
748947
748948
748949
748951
748953
748954
748955
748956
748957
748958
748959
748960
748961
748962
748963
748964
748965
748966
748967
748968
748969
748970
748971
748972
748973
748974
748975
748977
748978
748979
748980
748981
748982
748983
748984
748985
748986
748987
748988
748989
748991
748992
748993
748994
748995
748996
748997
748998
748999
749000
749001
749002
749003
749004
749005
749006
749007
749008
749009
749010
749011
749012
749013
749014
749015
749016
749017
749019
749020
749021
749022
749023
749024
749026
749027
749028
749029
749030
749031
749032
749033
749034
749035
749036
749037
749038
749039
749040
749041
749042
749043
749044
749045
749046
749047
749048
749049
749050
749051
749052
749053
749054
749055
749056
749057
749058
749059
749060
749061
749062
749063
749064
749065
749066
749067
749068
749069
749071
749072
749073
749074
749075
749076
749077
749079
749080
749081
749082
749083
749084
749085
749086
749087
749088
749089
749090
749091
749092
749093
749096
749351
749352
749354
749355
749356
749357
749358
749359
749360
749361
749363
749364
749365
749366
749367
749368
749370
749371
749372
749373
749374
749375
749376
749377
749378
749379
749380
749381
749382
749383
749384
750001
750002
750003
750004
750005
750006
750007
750008
750009
750010
750011
750012
750013
750014
750015
750016
750017
750151
750152
750155
750156
750157
750158
750159
750160
750161
750162
750163
750164
750165
750166
750167
750168
750169
750170
750171
750172
750173
750174
750175
750176
750177
750178
750179
750180
750181
750182
750183
750184
750185
750186
750187
750188
750189
750190
750191
750192
750193
750194
750195
750196
750197
750198
750199
750200
750201
750202
750203
750204
750205
750206
750207
750208
750209
750210
750211
750213
750214
750215
750216
750217
750218
750219
750220
750222
750223
750224
750225
750226
750227
750228
750229
750230
750231
750232
750233
750234
750235
750236
750237
750238
750239
750240
750241
750242
750243
750244
750245
750246
750247
750248
750249
750250
750251
750252
750253
750254
750255
750256
750257
750258
750259
750260
750261
750262
750263
750264
750265
750266
750267
750268
750269
750270
750271
750272
750273
750274
750275
750276
750277
750278
750279
750280
750281
750282
750283
750284
750285
750286
750287
750288
750289
750290
750291
750292
750293
750294
750295
750296
750297
750298
750299
750300
750301
750302
750303
750304
750305
750306
750307
750308
750309
750310
750311
750312
750313
750314
750315
750316
750317
750318
750319
750320
750321
750322
750323
750324
750325
750326
750327
750328
750329
750330
750331
750332
750333
750334
750335
750336
750337
750338
750339
750340
750341
750342
750343
750344
750345
750346
750347
750348
750349
750350
750351
750352
750353
750355
750356
750357
750358
750359
750360
750361
750362
750363
750364
750365
750366
750367
750368
750369
750370
750371
750372
750373
750374
750375
750376
750377
750378
750379
750380
750381
750382
750383
750384
750385
750386
750387
750388
750389
750390
750391
750392
750393
750394
750395
750396
750397
750398
750399
750400
750401
750402
750403
750404
750405
750406
750407
750408
750409
750410
750411
750412
750413
750414
750415
750416
750417
750418
750419
750420
750421
750422
750423
750424
750425
750426
750427
750428
750429
750430
750431
750432
750433
750434
750435
750436
750437
750438
750439
750440
750441
750442
750443
750444
750445
750446
750447
750448
750449
750450
750451
750452
750453
750454
750455
750456
750457
750701
750702
750703
750704
750705
750706
750801
750802
750803
750804
750805
750806
750807
750808
750809
750810
750811
750812
750813
750814
750815
750816
750817
750818
750819
750820
750822
750823
750824
750825
750826
750827
750828
750829
750830
750831
750832
750833
750834
750835
750836
750837
750838
750839
750840
750841
750842
750843
750844
750845
750846
750847
750848
750849
750850
750851
750852
750853
750854
751051
751052
751053
751054
751055
751056
751057
751058
751059
751060
751061
751062
751063
751064
751065
751066
751067
751068
751069
751070
751071
751072
751073
751074
751075
751076
751077
751078
751079
751080
751081
751082
751083
751084
751085
751086
751087
751088
751089
751090
751091
751092
751093
751094
751095
751096
751097
751098
751099
751100
751101
751102
751103
751104
751105
751106
751107
751108
751109
751110
751111
751112
751113
751114
751115
751116
751117
751118
751119
751120
751121
751122
751123
751124
751125
751126
751127
751128
751129
751131
751132
751133
751134
751135
751136
751137
751138
751139
751140
751141
751142
751143
751144
751145
751146
751147
751148
751149
751150
751151
751152
751153
751154
751155
751351
751352
751353
751354
751355
751356
751357
751358
751359
751360
751361
751362
751363
751364
751365
751366
751367
751368
751369
751370
751371
751372
751373
751374
751375
751376
751377
751378
751379
751380
751381
751382
751383
751384
751385
751386
751387
751388
751389
751390
751391
751392
751393
751394
751395
751396
751397
751399
751400
751401
751402
751404
751405
751406
751407
751408
751409
751551
751552
751553
751554
751555
751556
751557
751558
751559
751560
751561
751562
751563
751564
751565
751566
751651
751652
751653
751654
751655
751656
751657
751751
751752
751753
751754
751755
751756
751758
751759
751760
751761
751762
751763
751765
751766
751767
751851
751852
751853
751854
751855
751856
751857
751858
751859
751860
751861
751862
751863
751864
751865
751866
751868
751869
751870
751871
751872
751951
752051
752151
752152
752153
752154
752155
752156
752157
752158
752159
752160
752161
752162
752163
752164
752166
752167
752168
752251
752252
752253
752254
752255
752256
752257
752258
752259
752260
752261
752262
752263
752264
752265
752266
752267
752268
752351
752352
752354
752355
752356
752357
752358
752359
752360
752361
752362
752363
752364
752365
752366
752367
752368
752369
752370
752371
752372
752373
752374
752375
752376
752377
752501
752503
752504
752601
752602
752603
752604
752605
752606
752607
752608
752609
752610
752611
752612
752613
752614
752616
752617
752618
752619
752620
752621
752622
752623
752624
752625
752626
752627
752628
752629
752630
752631
752632
752633
752634
752635
752636
752751
752752
752753
752755
752756
752851
752852
752853
752854
752855
752856
752857
752858
752859
752860
752861
752862
752863
752864
752865
752866
752867
752868
752869
752870
752871
752951
752952
752953
752954
752955
752956
752957
752958
752959
752985
753401
753402
753403
753501
753502
753503
753504
753505
753506
753507
753508
753509
753510
753511
753512
753513
753514
753515
753516
753517
753518
753601
753602
753603
753604
753605
753606
753607
753608
753609
753610
753611
753612
753613
753614
753615
753616
753617
753618
753619
753620
753621
753622
753623
753624
753625
753626
753627
753751
753752
753753
753754
753755
753756
753757
753758
753759
753760
753761
753762
753763
753764
753765
753766
753767
753768
753769
753770
753771
753772
753773
753774
753775
753776
753777
753778
753779
753780
753781
753782
753783
753784
753785
753786
753787
753788
753789
753790
753791
753792
753793
753794
753795
753796
753797
753798
753799
753800
753801
753802
753803
753804
753805
753806
753807
753808
753809
753810
753811
753812
753813
754001
754002
754003
754004
754005
754151
754152
754153
754154
754155
754156
754157
754158
754159
754160
754161
754162
754163
754164
754165
754166
754167
754168
754169
754170
754171
754172
754173
754301
754302
754303
754304
754305
754306
754307
754308
754309
754310
754311
754312
754313
754314
754315
754316
754317
754318
754319
754320
754321
754322
754323
754324
754325
754326
754327
754328
754329
754330
754331
754332
754333
754334
754335
754336
754337
754338
754339
754340
754341
754342
754343
754344
754345
754346
754347
754348
754349
754350
754351
754352
754353
754354
754356
754357
754358
754359
754360
754361
754362
754363
754364
754365
754366
754367
754368
754369
754370
754371
754372
754373
754374
754375
754376
754377
754378
754379
754380
754381
754382
754383
754384
754385
754386
754387
754388
754389
754390
754391
754392
754393
754394
754395
754396
754397
754398
754399
754400
754401
754402
754403
754404
754405
754406
754407
754408
754409
754410
754412
754413
754751
754752
754753
754754
754755
754756
754757
754758
754759
754760
754761
754763
754764
754765
754766
754767
754768
754769
754770
754771
754772
754773
754774
754775
754776
754777
754778
754779
754780
754781
754782
754783
754784
754785
754786
754787
754788
754789
754790
754791
754792
754793
754794
754796
754797
754798
754799
754800
754801
754802
754803
754804
754805
754806
754807
754808
754809
754810
754811
754812
754813
754814
754815
754816
754817
754819
754820
754821
754822
754823
754824
754825
754827
754828
754829
754830
754831
754832
754833
755051
755052
755053
755054
755055
755056
755057
755058
755059
755060
755061
755062
755063
755064
755065
755066
755067
755068
755069
755070
755251
755252
755253
755254
755255
755256
755257
755258
755259
755260
755261
755262
755263
755264
755265
755266
755267
755268
755269
755270
755271
755272
755273
755274
755275
755276
755277
755278
755279
755280
755281
755282
755283
755284
755285
755286
755287
755288
755289
755290
755291
755292
755293
755294
755295
755296
755297
755298
755299
755300
755301
755302
755303
755304
755305
755306
755307
755308
755309
755310
755311
755312
755313
755314
755315
755316
755317
755318
755319
755320
755321
755322
755323
755324
755325
755326
755327
755328
755329
755330
755331
755332
755333
755334
755335
755336
755337
755340
755341
755343
755344
755345
755346
755347
755348
755349
755501
755502
755503
755504
755505
755506
755507
755508
755509
755510
755511
755512
755513
755514
755515
755516
755517
755518
755519
755520
755521
755522
755651
755652
755653
755654
755655
755656
755657
755658
755659
755660
755661
755662
755663
755664
755665
755666
755667
755668
755669
755670
755671
755672
755673
755674
755675
755676
755677
755678
755679
755680
755681
755682
755683
755684
755685
755686
755687
755688
755689
755690
755691
755692
755693
755694
755695
755696
755697
755698
755699
755700
755701
755801
755802
755803
755804
755805
755806
755807
755808
755809
755810
755811
755812
755813
755814
755815
755816
755817
755818
755819
755820
755821
755822
755823
755824
755825
755826
755827
755828
755829
755830
755831
755832
755833
755834
755835
755836
755837
755838
755839
755840
755841
755842
756001
756002
756003
756004
756005
756006
756007
756008
756009
756010
756011
756012
756013
756014
756015
756016
756017
756018
756019
756020
756021
756022
756023
756024
756025
756026
756027
756028
756029
756030
756031
756032
756033
756034
756035
756036
756037
756038
756039
756040
756041
756042
756043
756044
756045
756046
756047
756048
756049
756050
756051
756052
756053
756054
756055
756056
756057
756251
756252
756253
756254
756255
756256
756257
756258
756259
756260
756261
756262
756263
756264
756265
756401
756402
756403
756404
756405
756406
756407
756408
756409
756410
756551
756552
756553
756554
756555
756556
756557
756558
756559
756701
756702
756703
756704
756706
756707
756708
756801
756803
756804
756805
756806
756807
756808
756809
756810
756811
756812
756813
756814
756815
756816
756817
756818
756819
756820
756821
756822
756823
756824
756825
756826
756827
756828
756829
756830
756832
756833
756834
756835
756836
756837
756838
756951
756952
756953
756954
756955
756956
757101
757102
757103
757104
757105
757106
757107
757108
757109
757110
757111
757112
757113
757114
757115
757116
757117
757118
757119
757120
757121
757122
757123
757124
757125
757126
757127
757128
757129
757130
757131
757132
757133
757134
757135
757136
757137
757138
757139
757201
757202
757203
757204
757205
757206
757207
757208
757209
757210
757211
757212
757213
757214
757215
757216
757217
757218
757219
757220
757221
757222
757223
757224
757225
757226
757227
757228
757229
757230
757231
757232
757233
757234
757235
757236
757237
757238
757239
757240
757241
757242
757243
757244
757245
757246
757247
757248
757249
757250
757251
757252
757253
757254
757255
757256
757257
757451
757452
757453
757454
757455
757456
757457
757458
757459
757460
757461
757462
757463
757464
757465
757466
757467
757468
757469
757470
757471
757472
757474
757476
757477
757478
757479
757480
757481
757602
757603
757604
757605
757606
757607
757608
757609
757610
757611
757612
757613
757614
757615
757617
757618
757619
757620
757621
757622
757623
757901
757902
757903
757904
758001
758002
758003
758004
758005
758006
758007
758008
758009
758010
758011
758012
758013
758014
758015
758016
758017
758018
758019
758020
758021
758022
758023
758024
758025
758026
758027
758028
758029
758030
758031
758032
758033
758034
758035
758036
758037
758038
758039
758040
758041
758042
758043
758044
758045
758046
758047
758048
758049
758050
758051
758052
758053
758054
758055
758056
758057
758058
758059
758060
758061
758062
758063
758064
758065
758066
758067
758068
758069
758070
758071
758072
758073
758074
758075
758076
758077
758078
758079
758080
758081
758082
758083
758084
758085
758086
758087
758088
758089
758090
758091
758092
758093
758094
758095
758096
758097
758098
758099
758301
758401
758402
758403
758405
758406
758407
758408
758409
758410
758411
758412
758413
758415
758416
758417
758418
758419
758420
758421
758422
758423
758424
758425
758426
758427
758428
758429
758430
758431
758432
758433
758434
758435
758436
758437
758438
758439
758440
758441
758442
758443
758444
758445
758446
758447
758448
758449
758450
758451
758452
758453
758454
758455
758456
758457
758458
758459
758460
758461
758462
758463
758464
758465
758466
758467
758468
758469
758470
758471
758472
758473
758474
758475
758476
758477
758478
758479
758480
758481
758482
758483
758484
758485
758486
758487
758488
758489
758490
758491
758492
758493
758494
758495
758496
758497
758498
758499
758500
758501
758502
758503
758504
758505
758506
758507
758508
758509
758510
758511
758512
758513
758514
758515
758516
758517
758518
758519
758520
758521
758522
758523
758524
758525
758526
758527
758528
758529
758530
758531
758532
758533
758534
758535
758536
758537
758538
758539
758540
758541
758542
758543
758544
758545
758546
758547
758548
758549
758550
758551
758552
758553
758554
758555
758556
758557
758558
758559
758560
758561
758901
758902
758903
759001
759002
759003
759004
759005
759006
759007
759008
759009
759101
759102
759103
759104
759201
759301
759302
759303
759304
759305
759306
759307
759308
759309
759310
759311
759312
759313
759314
759315
759316
759317
759318
759319
759320
759321
759322
759323
759324
759325
759326
759327
759328
759329
759330
759331
759332
759333
759334
759335
759336
759337
759338
759339
759340
759341
759342
759344
759345
759346
759347
759348
759349
759350
759351
759352
759353
759354
759355
759356
759357
759358
759359
759360
759361
759362
759363
759364
759365
759366
759367
759368
759369
759370
759371
759372
759373
759374
759375
759376
759377
759378
759379
759381
759382
759383
759384
759385
759386
759387
759388
759389
759390
759391
759392
759393
759394
759395
759396
759397
759398
759399
759400
759401
759402
759404
759405
759406
759407
759408
759409
759410
759412
759413
759414
759415
759416
759417
759418
759419
759420
759421
759422
759423
759424
759425
759426
759427
759428
759429
759430
759431
759432
759433
759434
759435
759436
759437
759438
759439
759440
759441
759442
759443
759444
759445
759446
759447
759448
759449
759651
759652
759751
759752
759753
759754
759755
759756
759757
759758
759759
759760
759761
759763
759764
759765
759901
759902
759903
759904
759905
760001
760002
760003
760004
760005
760006
760007
760008
760009
760010
760011
760012
760013
760014
760015
760016
760018
760019
760020
760021
760022
760023
760024
760026
760027
760028
760029
760030
760031
760032
760033
760034
760035
760036
760037
760038
760040
760041
760042
760043
760044
760046
760047
760048
760049
760050
760051
760052
760053
760054
760055
760057
760058
760059
760060
760061
760062
760063
760064
760065
760066
760067
760068
760069
760070
760071
760072
760073
760074
760075
760076
760077
760078
760079
760080
760081
760082
760083
760084
760085
760086
760087
760088
760089
760090
760091
760092
760093
760094
760095
760096
760097
760098
760100
760101
760102
760103
760104
760105
760106
760107
760108
760109
760110
760111
760112
760113
760114
760115
760116
760117
760118
760120
760121
760122
760301
760302
760303
760304
760305
760306
760307
760308
760309
760310
760311
760312
760313
760314
760315
760317
760318
760319
760320
760321
760322
760323
760324
760325
760326
760327
760328
760501
760502
760503
760504
760505
760507
760508
760509
760510
760511
760512
760513
760514
760515
760516
760517
760518
760519
760520
760521
760522
760523
760524
760525
760526
760527
760528
760529
760530
760531
760532
760533
760534
760535
760536
760537
760538
760540
760541
760542
760543
760544
760545
760546
760547
760548
760549
760550
760551
760552
760553
760554
760555
760556
760557
760559
760560
760561
760562
760563
760564
760565
760566
760567
760568
760569
760570
760571
760572
760573
760574
760575
760576
760577
760578
760579
760580
760581
760582
760583
760584
760585
760586
760587
760588
760589
760590
760591
760592
760593
760594
760595
760596
760597
760598
760751
760752
760753
760754
760755
760756
760757
760851
760852
760853
760854
760855
760856
760951
760952
760953
760954
760955
760956
760957
760958
761151
761152
761153
761154
761155
761156
761157
761158
761159
761160
761251
761252
761253
761255
761256
761257
761258
761259
761260
761261
761262
761263
761264
761265
761266
761267
761268
761269
761270
761271
761272
761273
761274
761275
761276
761277
761278
761279
761280
761281
761282
761284
761285
761286
761287
761288
761289
761290
761291
761292
761293
761294
761295
761296
761297
761298
761299
761300
761301
761302
761303
761304
761305
761306
761307
761308
761309
761310
761311
761312
761313
761314
761315
761317
761318
761319
761320
761321
761322
761323
761324
761325
761326
761327
761328
761329
761330
761331
761332
761333
761334
761335
761336
761338
761339
761340
761341
761342
761343
761344
761345
761346
761347
761348
761349
761350
761351
761352
761353
761355
761356
761357
761358
761359
761360
761361
761362
761363
761364
761365
761366
761367
761368
761369
761370
761371
761372
761373
761374
761375
761376
761377
761378
761379
761380
761381
761382
761383
761384
761385
761386
761387
761388
761389
761390
761391
761392
761393
761394
761395
761396
761397
761398
761399
761400
761401
761402
761701
761702
761703
761704
761801
761802
761803
761804
761805
761806
761807
761808
761809
761810
761811
761812
761813
761814
761815
761816
761817
761818
761819
761820
761822
761823
761824
761825
761826
761827
761828
761829
761830
761831
761832
761833
761834
761835
761836
761837
761838
761840
761951
761952
761953
761954
761955
761956
761957
761958
761959
761960
761961
761962
761963
761964
761965
761966
761967
761968
761969
761970
761971
761972
761973
761974
761975
761976
761977
761979
761980
761981
761982
761983
761984
761985
761986
761987
761988
761989
761990
762152
762153
762154
762155
762156
762157
762158
762301
762302
762303
762304
762305
762306
762307
762308
762309
762310
762311
762501
762502
762503
762701
762702
762703
762704
762705
762706
762707
762851
762853
762854
762951
762952
762953
762954
762955
762956
762957
762958
762959
762960
762961
762962
762963
762964
762965
762966
762967
762968
762969
762970
762971
762972
762973
762974
762975
762976
762977
762978
762979
762980
762981
762982
762983
762984
762985
762986
762987
762988
762989
762990
762991
762992
762993
762994
762995
762996
762997
762998
762999
763000
763001
763002
763003
763004
763005
763006
763007
763008
763009
763010
763011
763012
763013
763014
763015
763016
763017
763018
763019
763020
763021
763022
763023
763024
763025
763026
763027
763028
763029
763030
763031
763032
763033
763034
763035
763036
763038
763039
763040
763041
763042
763043
763044
763045
763046
763047
763048
763049
763050
763051
763052
763053
763054
763055
763056
763057
763058
763059
763060
763061
763062
763201
763202
763203
763204
763205
763206
763207
763208
763209
763210
763211
763212
763213
763214
763215
763216
763217
763218
763219
763220
763221
763222
763223
763224
763226
763227
763228
763229
763230
763232
763233
763234
763235
763236
763237
763238
763239
763240
763241
763242
763243
763244
763245
763246
763247
763248
763249
763250
763252
763253
763254
763255
763256
763257
763258
763259
763260
763261
763262
763263
763264
763265
763267
763268
763269
763270
763271
763272
763273
763274
763275
763276
763277
763278
763280
763282
763283
763284
763285
763286
763287
763288
763289
763290
763291
763292
763293
763294
763295
763296
763297
763298
763299
763300
763301
763302
763303
763304
763305
763306
763307
763308
763311
763312
763313
763314
763315
763316
763317
763318
763319
763320
763321
763322
763323
763324
763325
763326
763327
763328
763329
763330
763331
763332
763333
763334
763335
763336
763337
763338
763340
763341
763342
763343
763344
763345
763347
763348
763349
763350
763351
763352
763353
763354
763355
763356
763357
763358
763359
763360
763361
763362
763363
763364
763365
763366
763367
763368
763369
763370
763371
763372
763373
763374
763375
763376
763377
763378
763379
763380
763381
763382
763383
763384
763385
763386
763387
763388
763389
763390
763651
763652
763653
763654
763656
763657
763658
763659
763660
763661
763662
763663
763664
763665
763666
763667
763668
763669
763670
763671
763672
763673
763674
763675
763676
763801
763802
763803
763804
763805
763806
763807
763808
763809
763810
763811
763812
763813
763814
763815
763816
763817
763818
763819
763820
763821
763822
763823
763824
763951
763952
763953
763954
763955
763956
763957
763958
763959
763960
763961
763962
763963
763964
763965
763966
763967
763968
763969
763970
763971
763972
763973
763974
763975
763976
763977
763978
763979
763980
763981
763982
763983
763984
763985
763986
763987
763988
763989
763990
763991
764151
764152
764153
764154
764155
764156
764157
764158
764159
764160
764161
764162
764163
764164
764165
764166
764251
764252
764253
764254
764255
764256
764351
764352
764353
764354
764356
764357
764358
765001
765002
765003
765004
765005
765006
765007
765008
765009
765010
765011
765012
765013
765014
765015
765016
765017
765018
765019
765020
765021
765022
765023
765024
765025
765026
765027
765028
765029
765030
765031
765032
765033
765034
765035
765036
765037
765038
765039
765040
765041
765042
765043
765046
765047
765048
765049
765050
765051
765052
765053
765054
765055
765056
765057
765058
765059
765060
765062
765063
765064
765065
765066
765067
765068
765069
765070
765071
765072
765073
765074
765075
765076
765077
765078
765079
765080
765081
765082
765083
765084
765085
765086
765087
765088
765089
765090
765092
765093
765094
765095
765096
765098
765099
765100
765101
765301
765302
765303
765305
765306
765307
765309
765310
765311
765312
765313
765314
765401
765402
765501
765502
765503
765504
765505
765506
765507
765508
765509
765510
765511
765512
765513
765514
765516
765517
765518
765519
765520
765521
765522
765523
765651
765652
765653
765654
765655
765656
765657
765658
765659
765660
765661
765662
765663
765664
765665
765666
765667
765668
765669
765670
765671
765672
765673
765674
765675
765676
765679
765681
765682
765683
765684
765685
765686
765687
765688
765689
765690
765691
765692
765693
765694
765695
765696
765697
765698
765699
765700
765701
765702
765703
765704
765705
765706
765707
765708
765709
765710
765711
765712
765713
765714
765715
765716
765717
765718
765719
765720
765721
765722
765723
765724
765725
765726
765727
765728
765729
765730
765731
765732
765733
765734
765735
765736
765737
765738
765739
765740
765741
765742
765743
765744
765745
765746
765747
765748
765749
765750
765751
765752
765753
765754
765755
765756
765757
765758
765759
765760
765762
765763
765764
765765
765766
765768
765769
765770
765771
765772
765773
765774
765775
765776
765777
765778
765779
765780
765781
765782
765783
765784
765785
765786
765787
765788
765789
765790
765791
765792
765793
765794
765795
765796
765797
765798
765799
765800
765801
765802
765803
765804
765805
765806
766001
766002
766003
766004
766005
766006
766007
766201
766202
766203
766204
766205
766301
766302
766303
766304
766305
766306
766307
766308
766310
766311
766312
766313
766314
766315
766316
766317
766318
766451
766651
766652
766751
766752
766753
766754
766755
766756
766757
766758
766759
766760
766761
766762
766763
766764
766765
766766
766767
766768
766769
766771
766772
766773
766774
766851
766852
766853
766854
766855
766856
766857
766858
766859
766860
766861
766862
766863
766864
766865
766866
766867
766868
766869
766870
766871
766872
766873
766874
766875
766876
766877
766878
766879
766880
766881
766882
766883
766884
766885
766886
766887
766888
766889
766890
766891
766892
766893
766894
766895
766896
766897
766898
766899
766900
766901
766902
766903
766904
766905
766906
766907
766908
766909
766910
766911
766912
766914
766915
766916
766917
766918
766919
766921
766922
766923
766924
766925
766926
766927
766928
766929
766930
766931
766932
766933
766934
766935
766936
766937
766938
766939
766940
766941
766942
766943
766945
766946
766947
766948
766949
766950
766951
766953
766954
766955
766956
766957
766958
766959
766960
766961
766962
766963
766964
766965
766967
766968
766969
766970
766971
766972
766973
766974
766975
767251
767252
767253
767255
767256
767257
767259
767260
767261
767501
767502
767503
767504
767505
767506
767507
767601
767701
767702
767703
767704
767705
767706
767707
767708
767709
767710
767711
767712
767713
767714
767715
767716
767717
767718
767719
767720
767721
767722
767723
767724
767725
767726
767727
767728
767729
767730
767731
767732
767733
767734
767735
767736
767737
767738
767739
767740
767741
767742
767743
767744
767745
767746
767747
767748
767749
767750
767751
767752
767753
767901
767902
767903
767904
767905
767906
767907
767908
767909
767910
767911
767912
767913
767914
767915
767916
767917
767918
767919
767920
767921
767922
767923
767924
767925
767926
767927
767928
767930
767931
767932
767933
767934
767935
767936
767937
767938
767939
767940
767942
767943
767944
767945
767946
767947
767948
767949
767950
767951
767952
767953
767954
767956
767957
767958
767959
767960
767961
767962
767963
767964
767965
767966
767967
767968
767969
767970
767971
767972
767973
767974
767975
767976
767977
767979
767980
767981
767982
767983
767984
767985
767986
767987
767988
767989
767990
767991
767992
767993
767994
767995
767996
767997
767998
767999
768000
768001
768002
768003
768004
768005
768006
768007
768009
768010
768011
768012
768013
768014
768015
768016
768017
768018
768019
768020
768021
768022
768023
768024
768025
768026
768027
768028
768029
768030
768032
768033
768034
768037
768038
768039
768040
768041
768042
768043
768044
768045
768046
768047
768048
768049
768050
768051
768052
768053
768054
768055
768056
768057
768058
768059
768060
768061
768062
768063
768064
768065
768066
768067
768068
768069
768070
768071
768072
768073
768074
768076
768077
768078
768079
768080
768081
768082
768083
768084
768086
768087
768088
768351
768352
768652
768751
768752
768753
768754
768755
768756
768757
768758
768759
768760
768762
768763
768764
768766
768767
768768
768769
768770
768771
768772
768901
768902
768903
769001
769002
769003
769004
769005
769006
769008
769009
769010
769011
769012
769013
769014
769015
769016
769201
769202
769203
769204
769205
769206
769207
769208
769209
769210
769211
769212
769213
769214
769215
769216
769217
769301
769302
769303
769304
769305
769306
769307
769308
769309
769310
769311
769312
769313
769314
769315
769316
769317
769318
769319
769320
769321
769322
769323
769324
769325
769326
769327
769329
769451
769452
769453
769454
769455
769456
769457
769458
769459
769460
769461
769462
769463
769464
769465
769467
769468
769469
769470
769471
769472
769473
769475
769476
769477
769478
769479
769480
769481
769482
769483
769484
769485
769486
769487
769488
769489
769490
769491
769492
769493
769494
769495
769496
769497
769498
769499
769500
769501
769502
769503
769504
769505
769506
769651
769652
769653
769654
769655
769658
769659
769660
770001
770002
770003
770004
770005
770007
770008
770009
770010
770011
770013
770014
770015
770016
770017
770018
770019
770020
770021
770022
770023
770024
770025
770026
770027
770028
770029
770030
770031
770032
770033
770034
770035
770036
770201
770202
770203
770204
770205
770206
770207
770208
770351
770352
770353
770354
770355
770356
770357
770358
770359
770360
770361
770362
770363
770364
770365
770366
770367
770368
770369
770370
770371
770372
770373
770374
770551
770552
770553
770554
770555
770556
770557
770558
770559
770560
770561
770562
770563
770564
770565
770566
770567
770568
770569
770570
770571
770572
770573
770574
770575
770576
770577
770701
770702
770703
770704
770705
770706
770707
770708
770709
770710
770711
770712
770713
770714
770715
770716
770717
770718
770719
771001
771003
771101
771103
771104
771105
771251
771252
771253
771254
771255
771256
771257
771258
771259
771260
771261
771262
771263
771264
771265
771266
771267
771268
771269
771270
771271
771272
771273
771274
771275
771276
771277
771278
771279
771280
771281
771283
771284
771286
771287
771288
771289
771290
771291
771292
771293
771295
771296
771297
771298
771299
771300
771301
771302
771303
771304
771305
771306
771307
771308
771309
771310
771311
771312
771313
771314
771315
771316
771317
771318
771319
771320
771321
771322
771323
771324
771325
771326
771327
771328
771329
771330
771331
771332
771333
771334
771335
771336
771337
771338
771339
771340
771341
771342
771343
771344
771345
771346
771347
771348
771349
771350
771351
771352
771353
771354
771356
771357
771358
771359
771360
771361
771362
771363
771364
771365
771366
771367
771368
771369
771370
771371
771372
771373
771374
771375
771376
771377
771378
771379
771381
771382
771383
771384
771385
771386
771387
771388
771389
771390
771391
771392
771393
771394
771395
771397
771398
771399
771400
771401
771402
771403
771404
771601
771602
771603
771604
771701
771702
771703
772001
772102
772103
772104
772105
772106
772107
772108
772109
772110
772111
772112
772113
772114
772115
772116
772117
772118
772119
772120
772121
772122
772124
772125
772126
772127
772128
772129
772130
772131
772132
772133
772134
772135
772136
772137
772138
772139
772140
772141
772142
772143
772144
772145
772146
772147
772148
772149
772150
772151
772152
772153
772154
772155
772156
772157
772158
772159
772160
772161
772162
772163
772164
772165
772166
772167
772168
772169
772170
772171
772172
772173
772174
772175
772176
772177
772178
772179
772180
772181
772183
772184
772185
772186
772187
772188
772189
772190
772191
772192
772193
772194
772195
772196
772197
772198
772199
772200
772202
772203
772204
772205
772206
772207
772208
772209
772210
772211
772212
772213
772214
772215
772216
772217
772218
772219
772220
772221
772222
772223
772224
772225
772226
772227
772228
772229
772230
772231
772232
772233
772234
772235
772236
772237
772239
772451
772452
772453
772454
772455
772456
772457
772458
772459
772551
772552
772553
772554
772555
772556
772557
772558
772701
772702
772703
772704
772705
772706
772707
772708
